id,name,trailer_id
1,Heroes Next Door,2FN8aDgsTqc
2,Malice,c6a7Zh34YHg
3,Had I Not Seen the Sun,m04FU771itk
4,The Beast in Me,8iNHGKcP0cM
5,Treacherous Cases in Shendu,A0CYRtJjWMc
6,As You Stood By,ZYflvue1yIE
7,A Mission of the Heart,JFQcDFhNh4o
8,Dear X,4_s3l_jrEmM
9,Blemish Flaw,z3XrIwPbGJ8
10,Hypnotic,eHsWYmnXk1o
11,Vengeance of the Mountain God,O3thGZvQAR4
12,Decalcomania,J5LABB29cbQ
13,The Triple Echo of Time,2_rhCPYF99E
14,The Black Box,nj6JIzrIzxk
15,Down Cemetery Road,0unUwpCfRg0
16,IT: Welcome to Derry,oKa6u7LT0qE
17,Persona,Tk-LL6m-_FU
18,Whispers of Fate,0Nwbm8j10lg
19,Murderer Report,K7ScXpLhh6Y
20,The Hand That Rocks the Cradle,A0SFXzNMthc
21,Vicious,tSx8ubSBFN8
22,Coach,d_GleoanbPE
23,The Right to Judge,SdGejA9XZ6c
24,The Hunt,xoWmwsPU5cQ
25,The Resurrected,82x6TW-q_Zg
26,The Woman in Cabin 10,1QbfJzTPY4w
27,ESCAPE,5pY_2ZIux9Q
28,Stay,RZGEJXQM27A
29,Synanthrope,atqehTSsxXU
31,A Summer's Accomplice,jBAsHiBS4Is
32,Killing Faith,ptUTA9Te3Xk
33,Fated Hearts,QMkoHvYJPGk
34,Oshi no Satsujin,E20clulzE5E
35,Bone Lake,mQy7BuW-R6c
36,Affinity,i5EognW_9Lk
37,Mantis,PItlVyrf15U
38,Zombie Warfare,oMdrLkTSK7s
39,Hunting,O7vKuVadFmo
40,Wayward,2kSNuohhKyc
41,The Strangers: Chapter 2,_d55K72DoKg
42,Hotel Costiera,UdaXFn54RG0
43,Walking on Thin Ice,Pr4DmHBEV_s
44,Time Raiders,IVHtXd7lnkQ
45,American Sweatshop,TavF7BkwdTU
46,Haunted Hotel,UxEza8wLcS0
47,Adulthood,rutRDICG2oE
48,HIM,hpEy0iOixb4
49,Mobius,uwLhK38QKVM
50,Money Money Come,2t71Sd468ic
51,The Ugly,6PQosjn-bnQ
52,The Girlfriend,qvgiK7rrHUw
53,Tempest,YEz4SuMI1-Q
54,The Dark Dice,jXFPFC7GpXA
55,Guns & Moses,XnkqomKfd90
56,Queen Mantis,NfZ8xwt0EOI
57,Twelve Letters,ofw0RuPLesE
58,Beloved,RAsnKghD2uw
59,Exit 8,emZZexEJO8c
60,The Thursday Murder Club,50DYgzRBhFA
61,Hide Games,AkUgf2jIPyI
62,Moonlit Reunion,GJesgcf6DFs
63,The Rainmaker,5OxvtkU9Z08
64,Witchboard,2EG4SO00YRA
65,Playing Gracie Darling,xHv9iZ4Rpjw
66,Serial Homicide,kwTNtpx13ZE
67,Pretty Crazy,-3YXmNAWqeo
68,Higher,R9CZErJ9idU
69,Khemjira,PV7rg5Pl-7Q
70,What We Hide,9Blus-SQ9NE
71,The Occupant,1ekDq7HCpKA
72,The Ghost Game,vY7quTRSEl0
73,Be Not Meant to Be,97m8ayESMXA
74,Weapons,OpThntO9ixc
75,The Wanted Detective,BmfZnp0qNAE
76,Mouse,Q6Nki1_8RBU
77,Queen of Bones,hGqWtbDi5yI
78,Beneath the Undertow,KlslDXmZKzg
79,Sword Rose,chYrip0lNIY
80,The Legend of Huli Town,tCObCpYScdE
81,Enigma Black Stage,gBYkyxgstRg
82,The Assassin,qnyyaHNqk0Y
83,The Tipsy Mystery,3JycvMLfevM
84,The Defects,i3SA3_kjFPE
85,The Hunting Wives,6Nb51LHXS2g
86,UNTAMED,eRwV1k-abZo
87,I Know What You Did Last Summer,IceTkSOSNJI
88,Your Sunshine,N1Fm3mM3MVA
89,Coroner's Diary,MZ34NjA8Ks8
90,The Institute,1BcvAdfyL5Y
91,Girl on Edge,gb18HJ4sol4
92,Hoso Kyoku Senkyo,gJZaUKkQ0zE
93,Nomen Kenji,xLmf1KUd0UA
94,Tougen Anki,CXoluVnOiR8
95,Bambi: The Reckoning,j_J2-GafTSQ
96,S Line,SKg4dviRqzY
97,Heavenly Secrets Bureau,az6mI1cxmC0
98,The Last Forensic Scientist,ScmJvmzDcG0
99,Under a Dark Sun,ehFP_5XiuD4
100,Other,bQn_fq0febE
101,Justifiable Defense,wArNeKbkZM8
102,The Great Chase Metropolitan Police Department SSBC Violent Crimes Unit,P6KOrwVWfX4
103,Double Fugue,k01Hx5R_rWw
104,Brick,fmi4Qc-cvis
105,The Kidnapping Day,2313ieW1IXI
106,Dekin no Mogura: The Earthbound Mole,_NacAO8f3KQ
107,Guilty Maid,LP8goZ3Ok6s
108,Ruri Rocks,OMwjT1llsuk
109,DOCTOR PRICE,F0eunl6x9W4
110,Uglymug Epicfighter,sNyEKQNJHh0
111,The Summer Hikaru Died,dhihVoP_6gw
112,Hotel Inhumans,zfthL1m2GFg
113,Revenge Spy,oufM2RfJHok
114,Watari-kun's ****** Is About to Collapse,iPBqQWx-OX0
115,Fermat Kitchen,n76v81gcw8g
116,Rosefinch,CJXlP025EQk
117,Pretty Thing,IdsEQfpF0W4
118,Onmyo Kaiten Re:Birth Verse,TiqUhC4_hSg
119,Jurassic World Rebirth,jan5CFWs9ic
120,Perfect Adultery: The Beauty of Concealment,B_XUlbPW-eY
121,Detectives These Days Are Crazy!,joAkZeNg9Qk
122,Hide & Sis,Pu505zkKOyw
123,Lord of Mysteries,a8p-l75icsA
124,Detective Dee: The Celestial Mystery,ZN-7JoJa0SA
125,Countdown,S6O4iy3Twwo
126,Halabala,ZsTA6wqIjvc
127,Alma & the Wolf,YPLRJwXJjv0
128,The Perfect Suspect,tMnTRiOBMm0
129,We Were Liars,uoMLuX42pCk
130,Hell Motel,IWpPLcJdtlc
131,Hunter with a Scalpel,TF8g5ByIUgc
132,Salon De Holmes,GdWSAnqszUw
133,She's Got No Name,65aDdTmZYaw
134,Celestial Bonds,jtJLMtVyXtI
135,Echo Valley,KQiZ5zMhliw
136,Revival,jFLDY_2Tvx0
137,Fancy Land,a6O30nJ02PU
138,Loving the Lie,czIBLZxLlzk
139,Angel's Egg,SqyVGzaQFpQ
140,A Woman Who Swallowed the Sun,NMafM5tbQhg
141,The Seven Relics of ill Omen,rNWc_1T4oto
142,The Survivors,c69c1P-EURg
143,The Pact,B7-8cijUhW4
144,Behind the Shadows,IAZEWtyhpes
145,Happiness,gqhUlldiLEo
146,Oh My Ghost Clients,Nvsi3UOCk_Q
147,Dept. Q,72hK6FUmm8o
148,What a Wonderful World,XZ89cfASPoc
149,Shendu Fox Detective,_Ml90-F0D9M
150,Nine Puzzles,y1PsI6zEBU8
151,The Lost National Treasure,BNTX7b-zKc0
152,Fountain of Youth,1gB9h0ELEf0
153,Until Dawn,2b3vBaINZ7w
154,All In,62bIsvRcPv0
155,Dear Hongrang,BfCrKi-ifl4
156,Bet,R7xl9QjtNDc
157,Final Destination Bloodlines,UWMzKXsY9A4
158,The Long Way Home,gyu1UAtbwAo
159,Clown in a Cornfield,ytUz_H-5p2I
160,Six-Colored Time Machine,zEsjtKxLUUc
161,Kill Lover,-f0MQzVMuUE
162,Rosario,ksM0rCILPqg
163,Suspicious Partner,4HCRa8PPKGw
164,The Old Woman with the Knife,97_3dkfY5nU
165,Carême,-d4aZI-S0S0
166,Ameku M.D.: Doctor Detective,0Hr5Gu8nG8w
167,A Life for a Life,LeLsJfGmY_Y
168,Sherlock & Daughter,XPlCMiMEd1Y
169,Murderous Encounter,Mq4m3yAoW8E
170,The Stolen Girl,MPZOU0YRhSY
171,Hanging Mirrors,O92QxxgeCO8
172,Phoenix's Gambit: Love or Crown,ANRNnUjkjrw
173,A Stolen Life,vZ4qFkvp2AU
174,Drop,bs_nFwh5eJw
175,Game of Succession,OzYxJV_rmE8
176,G20,mhQcpvKHis4
177,The Mononoke Lecture Logs of Chuzenji-sensei: He Just Solves All the Mysteries,Wm1fnyE3Q84
178,Sai,n6adTy-oYxU
179,Karma,Ig-yn_yO3qA
180,Gazer,e4Hebc3J09E
181,The Dinner Table Detective,Vt3q0BxUaa0
182,Hell of a Summer,LTmzw6zG4ww
183,Breaking the Shadows,IAZEWtyhpes
184,The Mystery of Dragon Town,8fR0ihdJTsE
185,Marry Me Again,KK7w3ZMdOmc
186,Your Forma,klHjnUGbprQ
187,Leap Day,QV9t73jZp_8
188,What If,x9D0uUKJ5KI
189,Sandstorm,k4vQugCOIY4
190,A Moment But Forever,t0W2xoH4OyQ
191,Holland,IJm3LHoqdA4
192,The Woman in the Yard,1s-Ko4J3mWs
193,Playing Go,8tq1C8spV_g
194,The River of Fury,nOBqLOi2gOY
195,Streaming,E9mIOtwTo6Y
196,The Residence,aYC2zCdcKW0
197,Revelations,5XcVSWOKVsY
198,Happy Face,1e2bUS9ROrw
199,Home Sweet Home: Rebirth,-17tBEdfDIs
200,Good American Family,3_QlAf1rRGE
201,Stitching Life and Death,Tw-fvr3T52w
202,Mononoke the Movie: Chapter II - The Ashes of Rage,5gYyveM2FV4
203,Opus,5owo-kbx8X0
204,Long Bright River,1TmXdzid-JA
205,Unnatural Fire,RlyAZiTaMUk
206,Black Bag,Du0Xp8WX_7I
207,I Really Love My Husband,3boMRfx6cjE
208,Wild Rose,rkFjElQLGaU
209,The Other Me,KIOIyH50-ZM
210,Fear,p2AlffKozbg
211,Abyss Live,7cCVYAcIIAo
212,Nine Bodies in a Mexican Morgue,m8R5f8O69X0
213,The Source Of River,A17GnLP3DHA
214,Dalah: Death and the Flowers,9OcAg3zEmwg
215,The Noisy Mansion,3EwnGjVTOyY
216,Grosse Pointe Garden Society,iwJ8P6GZvkU
217,Buried Hearts,SSqNRHruCKM
218,The Story of Detective Zhan Zhao,tqmgMqCEe2I
219,Criminal Scene,wYU8-bueneo
220,The Witch,iQXmlf3Sefg
221,Return of Fated Love,tvP9N9z2L_E
222,My Fault: London,4WwtfTaW_bM
223,A Cage Of Karawek,EU8I4dVmWHo
224,Born to Die,3YeiDSZdJ7M
225,Friendly Rivalry,0ZMv78yd4V8
226,The Embers,uX2iJ418L04
227,Newtopia,HtaaO9D9ZcU
228,Kill My Sins,9hcCGudUG5Q
229,Heart Eyes,1cRzZcMlJh8
230,Nocturnal,gYcHqvr3PD4
231,Lies Never Lie,czIBLZxLlzk
232,Back for You,AJ_Zry9KLb8
233,Detective Chinatown 1900,_zTZKGq6nWI
234,House of Flames,tjDOutdqqI4
235,Paradise,tCObCpYScdE
236,Who Saw the Peacock Dance in the Jungle?,xt75QGudJ2A
237,Dark Nuns,YdOQ0kKtyrY
238,Good Heavens! I'm a Goose Not a Swan,3nbqwoa0DAE
239,The Gold Behind the Stone,2s9BZK18B3k
240,The Truth is Murky,XgVxpmopLTE
241,Stepmother,QNUu1d7i26g
242,Drifting Away,BSE2KGU5png
243,Unmasked,uvcv3p7rlvE
244,Wolf Man,kAw4PH2IQgo
245,Under the Moonlight,gDDyMHAprF8
246,Man with No Past,Uk7uxuzPcfU
247,Blind Woman,haRQ-a14go8
248,Towards the Truth,oWZY3pHIV84
249,Atrocious,5P9VAOu0HtQ
250,Tasokare Hotel,Lu3uaG7nzvk
251,Folk tales of Chu Maxian,t7oZIGfYdMQ
252,The Song Inquisitor,FOID_7h-aZs
253,Saint-Pierre,_Xe-jBDATmM
254,The Damned,1itnHQHgxUI
255,Ameku Takao no Suiri Karte,0Hr5Gu8nG8w
256,Missing You,YICEbGkET_0
257,Octopus with Broken Arms,R7w-WZFtrtQ
258,Drug Hunter 2,GyMDaj9HWR0
259,Let Wind Goes By,H0u8yO9kiAA
260,Strange Notes,A_U2yy6Vkrw
261,Sad Power,6dDeshlEInk
262,Love Song in Winter,-zV6mj536hY
263,A Love Story of Oiled Paper Umbrella,HKIE2B4VzYc
264,The Best Man,xzisOfOwqVQ
265,Riverside Code at Qingming Festival,KcPh16FmkBw
266,Dexter: Original Sin,Bw8ZdQpVtdU
267,Fervent Kiss,RiE8TRNxM30
268,Better Man,KVeH5T4wxkE
269,The Kings Of Tupelo: A Southern Crime Saga,nvdt0m5XKyQ
270,Secret Level,SvY9Uq7I30Y
271,Behind the Scenes,vKSv4c3VBac
272,The Sand Castle,8hq28cZ938E
273,Arrest Yang Qiangqiang,R6vblUivW9s
274,Carry-On,KS0XacjMmOc
275,Black Doves,1R0d2jW7a-I
276,Black & White Forest,iV46TJKL8cU
277,The Unrighteous,bY_lXW3ASVA
278,Light Shop,wFATeqKxa1Q
279,Tomorrow and I ,H4uREuiZicw
280,Ghosts of Red Ridge,IDm9osVwnkA
281,The Agency,pAxMy31nffA
282,Family Plan,ns8weNznn1Y
283,The Trunk,96twl5nStnA
284,She Behind I Before,c4LtoWQaLxk
285,Caddo Lake,Rrx_lZxzjbQ
286,The Madness,m8rpXHCa8kE
287,Mountains,lxtWMOAHoiI
288,Petrichor,8_2YiYGvkR8
289,When the Phone Rings,Y4P-z1Qy6xI
290,Don't Forget Me,fuxlVR6-Pv4
291,See Her Again,1d8Ull9sFMw
292,Hidden Face,qJt2gVS66Bk
293,Parole Examiner Lee,ZuKszQnSkBQ
294,Dune: Prophecy,CzVHWNosS2o
295,Pearl Hotel,eRX_W9pfJug
296,Devils Stay,sqkTqjd_Ls4
297,Gladiator II,4rgYUipGJNo
298,Shameless Lover,bqrtmjsYcok
299,Detective Di Renjie: The Deadly Monk,VtrfiqZha4Q
300,The Scent of Hers,u1B3nDc-mAE
301,Fate's Crossing Nan & Ke,uZmUZ_EX_J0
302,The Day of the Jackal,shsIx-ZVL0E
303,Face Me,XJsAS-TPyLM
304,Gangnam B-Side,BpLJphaOu3I
305,Heretic,O9i2vmFhSSY
306,Don't Come Home,OcQVa8c9deQ
307,Murder Mindfully,cMxkl9X586w
308,The Fevengers,Z47CUzM01ec
309,Time Cut,a8F6yN56zB0
310,The Unseen Sister,V0PXWXDhjzw
311,Conclave,JX9jasdi3ic
312,Time,_YQ7_yIVtbU
313,Rippy,-8f17Pr_BR4
314,Nautilus,2HxWthmp9HU
315,MadS,PD-xWYq5wkg
316,Before,50ic_o5TE1U
317,4PM,IW0aarRXpG8
318,Pluto,cBq6p5lMxvg
319,Smile 2,0HY6QFlBzUY
320,Club Friday Season 16: Love Trial,WTpflgBh2HM
321,Light of My Lion,CaAp7STWYjo
322,Doubt,f8S0ANEp4vc
323,Tomb Raider: The Legend of Lara Croft,Oe7CVCjgCzI
324,Dongjae the Good or the Bastard,UFbO2rb_wCM
325,AARO -All-domain Anomaly Resolution Office-,ZNEXehCyoY0
326,Okura: Cold Case Investigation ,TPquqJ78ezE
327,Golden Kamuy -The Hunt of Prisoners in Hokkaido-,8_w3n2jSx2E
328,Desert Whispers,speloOnMq2o
329,Golden Kamuy -Scramble for the Hokkaido Tattooed Prisoners Arc-,AXKRSJUZ3Mc
330,Monster Summer ,2KYLXok1OdA
331,Salem's Lot,QtVzKkv03ic
332,The Bad Guys: Haunted Heist,m8TFJ6GeWLE
333,Bureau 749,dTMSjRyHkOA
334,Brilliant Minds,3nyz4GJnJfY
335,Past Life Present Love,EAWdoagDKn8
336,Bagman,slrzCgYIUPM
337,My Cherie Amour,pl08-ANOIes
338,The Substance,LNlrGhBpYjc
339,Agatha All Along,R9pXbNz6Vbw
340,Never Let Go,ZDfRp_ukHDU
341,Giant Fish,P61m4GDgCYo
342,Into the Fire: The Lost Daughter,GySqnNzeCzI
343,The Wild Robot,67vbA5ZJdKQ
344,House of the Seasons,0JlMjgqduVw
345,Officer Black Belt,WNkGz6aKFvk
346,Jack & Joker: U Steal My Heart!,LQuFEsCP51c
347,The Last of the Sea Women,VHMngOUUYvc
348,Midnight Inn,Z-miNHU_4hs
349,Baridegi: The Abandoned Girl,VHeFKNk9WJ8
350,Laplae the Hidden Town,WPwSsfFOHEs
351,Queen Woo,OTwfjSws7kA
352,Night Call,zQ-ZReYIQZ8
353,Afraid,LE5QzD_qtxs
354,Fury 12 Hours,5pOz3DOSYpo
355,Treasure Hunting,WpZ11iyO_Uw
356,Greedy People,TNUlrtulkVA
357,The Frog,C4wG17oHrM0
358,The Paradise of Thorns,hXOgMsyZxxk
359,The Killer,zgNOS5ofQhw
360,GG Precinct,CfIAe3FI1FQ
361,Blink Twice,aMcmfonGWY4
362,Spring Garden,PGrxO1GY9AQ
363,Death Town,cctvSNDaaYs
364,Terror Tuesday: Extreme,tQp0n4sdMBQ
365,Crescent City,jrI-8ScanDQ
366,The Deliverance,PDcDagDcwPA
367,Escape from the Trilateral Slopes,3pKcsoZu4j0
368,Black Out,8fPXgwmzhpE
369,Subservience,dgdidCE3y1s
370,Mountain Guardians,yKBFcaJfv3s
371,Are You The One,iD1vQRfmZtQ
372,Revolver,DNXtExBM-KM
373,Embrace in the Dark Night,xSVONmxz4V4
374,Cuckoo,NuON7HH0UkQ
375,Dark Feathers: Dance of the Geisha,iY7VI3BqWEE
376,The Instigators,X5oqpxi3U7M
377,Alien: Romulus,OzY2r2JXsDM
378,Trap,hJiPAJKjUVg
379,Snow Fall,0yCoLNmhJWM
380,Mononoke The Movie: The Phantom in the Rain,NJejE1Xv8vw
381,Detective Dee and the Arrogant Ruler,qhYo9WmLpTA
382,Run Rabbit Run,IFPovTGI8hA
383,Tarot,bvDArsKoTOE
384,Detective Dee The Mystery of Humanoid Puppet,xTs7Ks0M18Q
385,The Inheritance,-LZ8oktImDo
386,The Cursed Land,oee3xJ8_OlA
387,A Good Girl's Guide to Murder,wA39lIDm75Y
388,SHOSHIMIN: How to Become Ordinary,5ltnaIeBXNg
389,MaXXXine,y0uS3t6nFgY
390,A Place Called Silence,yZjludGmieY
391,Hard Guy Sniper,1Bv18Vg2eu8
392,Sharp Teeth,V8k5XFJ2M1Y
393,Handsome Guys,QmEwuffc5tA
394,A Quiet Place: Day One,YPY7J-flzE8
395,Link Click,H0uT88yvWE4
396,Snow White's Revenge,0KZc5mqZNDs
397,Sunset Vibes,PUTiPlKJWkg
398,Miss Night and Day,TgU1Kf-7woU
399,Sixth Sense Agency,Pu2gCEXoAOY
400,Detective Dee and the Great Illusionist,aua2FhNDAX8
401,Hierarchy,POF0q9ovxRo
402,The Watchers,dYo91Fq9tKY
403,The Double,XG8qATRtNuU
404,Summer Camp,P_na6hBhm18
405,In a Violent Nature,WyXuRmXbS7U
406,Eric,I2g6LebQcOk
407,The Exorcism,I1lNNd_klK4
408,Connection,3kJNkzK-1qc
409,Bitter Sweet Hell,O3uuyRsUpEc
410,Furiosa: A Mad Max Saga,XJMuhwVlca4
411,The 8 Show,zvowLTLYJN0
412,Following,Dnm1aUuF7yY
413,Crash,fODfHjrBz6Y
414,Living with Leopards,c2pzKahGGtA
415,Poolman,bHFI2GSMoM0
416,Novoland,M-ATw-s-zc8
417,New Life,t5RAWSP5lx4
418,I Saw the TV Glow,kymDzCgPwj0
419,Hovering Blade,v4LWDWZKOfM
420,Shardlake,bDGNwIM0r9g
421,Dead Boy Detectives,8bGICMgXEn0
422,Âm Dương Sư 0: Khởi Nguồn,aSHn7c1BVuI
423,Chief Detective 1958,xdJJtb5daxs
424,Antihero,b1kbLwvqugk
425,Detective Conan Movie 27: The Million Dolar Pentagram,53bmmVls3Fg
426,Fallout,7h8zJHywjAw
427,Suspect,iTaFbJd-74Q
428,Lovely Runner,5kk0dYa8Ccc
429,Parasyte: The Grey,maIGHqJB6aQ
430,Strictly Confidential,BOicOXTD3qE
431,Sugar,twvPGxuEOEA
432,Bartender: Glass of God,HHtrb5SqZwE
433,The First Omen,lmN1Op8ygno
434,The Third Suspect,DRLlx0koyCk
435,Hide,0qlxTw--4qw
436,The Mystery of Jade,J7tvDaIj3vA
437,3 Body Problem,SdvzhCL7vIA
438,Dragon's Cage,IiMinixSXII
439,Immaculate,11gb7q1tosI
440,Nothing Uncovered,_Z5n5kAHBJc
441,The Destiny Changer,R0Pc4M43G0E
442,A Strange House,V3tPbd7G08M
443,Chicken Nugget,9OWhVGM6xmA
444,Vincent,CGzKnyhYDQI
445,The Devil's Bath,PaGMdANhmrw
446,Cabrini,02S9IcBPefw
447,Imaginary,8XoNfrgrAGM
448,Wonderful World,XZ89cfASPoc
449,Pyramid Game,BcYin0vw1yc
450,Dune: Part Two,Way9Dexny3w
451,In Bed With A Stranger,gBxatWLxa0g
452,CrimeTime: Freefall,Yd4s38iyDdg
453,Wicked Little Letters,SeTeCWbF8KY
454,Exhuma,j_6_wLF1pDg
455,Constellation,4dAaLbsQSzI
456,Break War,i3RifCvu1yU
457,A Killer Paradox,X2rXQ0rEfPI
458,Dead Man,nn2nQMfLqwg
459,Judge Dee's Mystery,FkQptjPwyQw
460,The Spirealm,6uopCcCWQXw
461,Sin and Evil,_kbQAJR9YWQ
462,Argylle,7mgu9mNZ8Hk
463,Queen of Divorce,0Xo32PBr-MM
464,American Star,hb47dUzNUm4
465,Flex x Cop,xsPcjEezCss
466,Master Qianhe,RKqhDcBMQO0
467,Its What's Inside,RJBNi0CjX5I
468,The Bequeathed,1rpDy2Hloic
469,The Hunted,Xeih_2WtK48
470,A Shop for Killers,69nzLpyMSHw
471,Knight Flower,4b85ybm5-ec
472,Fool Me Once,nhC8AG8cwcc
473,My Happy Ending,-nqwF0IxiUQ
474,Baghead,XOsZq_5s-ak
475,Dead Friend Forever ,Ekoql64d1D4
476,Gyeongseong Creature,Q3YgWMxaq8o
477,Like Flowers in Sand,ZHyQb0xFYLg
478,Derailment,Qhp0nZGTeWg
479,Maestra: Strings of Truth,-jbpIgnsLnc
480,The End We Start From,MciSEbkTkXw
481,The Strange Case of Embroidered Shoes,UkXjnyiKp5w
482,Night Has Come,yNkfTd8R7x0
483,Paper bride,cesHAbKTU4Q
484,The Man's Secret,m4NCribDx4U
485,Onmyoji,LkAcKUz3nOA
486,South Sea Tomb,g5WEbQy5A6g
487,Headless,BVOnlf-FBNQ
488,V/H/S/ 85,Ke20dnbwZXs
489,Leave the World Behind,cMVBi_e8o-Y
490,Gemini Mission,Cx5etN2nl-c
491,Thanksgiving,KbU50SdL8zA
492,In Love and Deep Water,pqp_oZW85Fo
493,Beacon 23,x89qafBgq4Y
494,Story of Kunning Palace,4s67h-NMsE4
495,The Case of the Four Demon Coffins / Break evil,p3fC-my2OAI
496,The Matchmakers,WAjoTD2IuOE
497,Various Geeks,E0oJ-uYWakw
498,Misty Creed,1OTPLDZlEv0
499,Lost in Perfection,YaEyPO88cqY
500,Sebastian Fitzek's Therapy,6WvMRQFj1N4
501,Five Nights at Freddy's,0VH9WCFV6XQ
502,Death Whisperer,k0CilHITKoY
503,Doctor Qin Ming: Rain Killer,NI2YZ08t_PE
504,Crown of Blood,3ME8tAXscpI
505,The Weird Forest,JK-kNY94o30
506,The Apothecary Diaries,3lfb_KeqdEM
507,Wineville,OuqJCKOZBH8
508,Deep Fear ,AHyNx9ynpc8
509,Evilive,-r1EKy7axsM
510,The Bridge Curse: Ritual,harRUXCzwuk
511,Birthright Outlaw,Lalpei-B5pk
512,Vindicta,9gq-Jp0Zmu4
513,Reptile,KS1cNkZ9o1U
514,The Marsh King's Daughter,FDnUVhLMqI0
515,The Djinn's Curse,cHAifY7gVZ8
516,Dr. Cheon and the Lost Talisman,6NuQArwFhlA
517,Conjuring Curse,6X8QkXcxRyo
518,The Escape of the Seven,0-jzWdm99hU
519,Faithful,kmcPH10PTBc
520,A Haunting in Venice,yEddsSwweyE
521,Ngày Bắt Cóc,BhkgMpI05Gc
522,The Abandoned,KPrao47fD8A
523,The Changeling,i3jjAm2dBeo
524,6ixtynin9: The Series,YY-a-1dq6vQ
525,Sleep,XkSZRcbjkWA
526,It Lives Inside,a5xUbuYHdi8
527,The Nun II,QF-oyCwaArU
528,Exorcism,I1lNNd_klK4
529,The Bride of Naga,NAOzmQW5OfQ
530,Wrongful Death,263oGCo5Bcs
531,Quicksand,-AxS2STd7Ac
532,Live to 100: Secrets of the Blue Zones,it-8MIm29bI
533,Don't Buy the Seller,Dofut6jB6tw
534,The Rope Curse 3,kW4pqmfW1kI
535,ManSuang,YrqMcFD1osQ
536,It Remains,ITGyVW6uvm8
537,Anatomy of a Fall ,FUXawkH-ONM
538,Headless General,fKIFNRxcPiY
539,Doctor Detective,0Hr5Gu8nG8w
540,The Engineer,Wg6uB7ULaB4
541,Mask Girl,Gebl7um3jUg
542,Death Notice,Hwa3LKeYc6U
543,Harlan Coben's Shelter,EHGWxugpNII
544,Legend of Hunter 2: Forest of Reincarnation,-ajOhCbCazI
545,The Killing Vote,LxGl61T7Z2Q
546,Moving,d_SFsZEZAy4
547,The Elegant Empire,hTQANGCmoEk
548,My Dearest,CZlxbotr8Ms
549,The Lost Flowers of Alice Hart,MEL7AFepZTI
550,River Wild,J1Cr-y83-c0
551,My Lovely Liar,vgQXopDRfhg
552,The Murderer,NQLGc1RTDdU
553,Longing For You,sCfHrWJZWkY
554,Unknown: Cosmic Time Machine,X1G0cYnZBHo
555,Mysterious Lotus Casebook,o-vzAyXDmdE
556,Haunting of the Queen Mary,uZhXePjoVFE
557,The Flood,SYF0MxHVAR0
558,Burn the House Down,eOPWXWWqWMM
559,Judge Bao:Academy Intrigue,vwT9Y9obyi8
560,Insidious: The Red Door,ZuQuOnYnr3Q
561,Celebrity,OIboeCkVKJk
562,Miraculous Brothers,icgc8jcJvQw
563,Confidential Informant,5MeHC7moE2M
564,Delete,_ugN5BiP_e8
565,HeartBeat,3ffK3ugzshI
566,Lost in the Stars,smm6mo-VgjA
567,The Blackening,moiRCJR4ToY
568,They Cloned Tyrone,2S3M1xFVdVg
569,The Angry Black Girl And Her Monster,CMq_ctM7HZA
570,Home School,JrkJHCCyjlw
571,Nobody's Happy if I'm Not,VQls0tNLAr4
572,Battle for Happiness,ft6C38sF294
573,Bitch x Rich,RR9ki1MCYoI
574,The Girl From the Other Side,HPQin-uuI9o
575,Mercy,dSS4yqd0x6o
576,Hypnotic,eHsWYmnXk1o
577,Class of '09,PTTJ952iIlc
578,Double Life,0dRAnaaNFYw
579,Silo,8ZYhuvIv1pA
580,My Perfect Stranger,wq2MHMBrGsM
581,The Ingenious One,7dHTVjtuNtg
582,La Pluie ,Tz9HG8MGF8M
583,Snag,h-eHtG44sso
584,The Black Demon,z1xJAyVKAPY
585,The Best Man,xzisOfOwqVQ
586,Pending Train,H4EHGTfuuRk
587,Drops of God,3_y2j72Cfe4
588,Mad Fate,yV6hi2RGjvU
589,Dead Ringers,TrFmr2U-52o
590,Family: The Unbreakable Bond,qpwKiIbPeyU
591,Detective Conan Movie 26: Black Iron Submarine,0rNpSmVmN2U
592,Florida Man,WqI0oxOFaFg
593,Black Lotus,7mWuQWtcU1k
594,Home For Rent,db8puvbOhQw
595,Detective Qin II,0tTiuploPMM
596,Heavenly Delusion,S-TaIas2SHw
597,Copycat Killer,fWATsd9F_Kc
598,Malum,Z-XXwPgg4iE
599,The Power,rjcgp-FxMxk
600,The Spirit Puppet,UxLvHB2g3R8
601,Murder Mystery 2,LM2F56uK0fs
602,Lost Care,r0DjrGmFDwM
603,The Night Agent,YDbnY9Obsfs
604,The Secret Romantic Guesthouse,i0eWGZvsPwc
605,Boston Strangler,N_yfmHCkSB0
606,Guardians of Time,ImYCDP06a3w
607,Batman: The Doom That Came to Gotham,uj6wScDm2SQ
608,The Ritual Killer,7FzN6eolIIc
609,Delivery Man,yGAktL45XNQ
610,Warm on a Cold Night,Yiye_vm3STI
611,Luther: The Fallen Sun,EGK5qtXuc1Q
612,Mission Run,pPodg8XeTws
613,Chains of Heart,z8fR4cqzNr0
614,Unlocked,k8qGElYoAoU
615,Marlowe,brVF7t8VYuM
616,Dragon Hidden in a Mysterious Hole,Ze5RXU202Lw
617,Taoist Priest In The Tomb,iRQfD0gbTzU
618,Marry My Dead Body,BCFyt7GkOmY
619,Bed Rest,P1wZvRRJSvs
620,Disquiet,CQf2ylF5EnU
621,Under the Microscope,yFHnT2kw3TM
622,Our Blooming Youth,OoGvD5YAMrI
623,Knock At The Cabin,0wiBHEACNHs
624,A League of Nobleman,OM1YC8_xjP4
625,Decoy,oIgcYOHMqxk
626,Hidden Blade,yzZ_oHR5wRE
627,Full River Red,1nrBhJE2w7E
628,23:23,2p5mcU7J_wo
629,A Guilty Conscience,O8vddnBG_iQ
630,Informa,6KGV_h69wKM
631,Junji Ito Maniac: Japanese Tales of the Macabre,A6dZKab7mRU
632,Missing,seBixtcx19E
633,Phantom,sotrgeTvOIo
634,There's Something Wrong with the Children,OtYQB4r8Jew
635,The Price We Pay,aIPbV97Gn8Q
636,My Lethal Man,rCHK-lUR7uI
637,Why Didn't I Tell You a Million Times?,2nmSleP2m6k
638,Blood,MPg6vLdo_AQ
639,JUNG_E,LCxnmfdxJ6s
640,Get in the Dark,fKUPkoYkhII
641,Payback: Money and Power,BYgnLtyNgaQ
642,The Rig,sKf09DckhmY
643,Brain Works,dz4qEHike9M
644,The Glory,tqVVrTvrI8U
645,Lonely Castle in the Mirror,43lEvEQSHYE
646,The Pale Blue Eye,ddbL9jvg77w
647,Trolley,M5oO0F3cmXI
648,Lullaby,-jYNoLg7vIg
649,Mindcage,7d8XdU8cb18
650,Avatar: The Way of Water,d9MyW72ELq0
651,Justice Bao The Legend of Young,VwSsUyec3IQ
652,The Lockdown Hauntings,Q8m0oGSt9-8
653,Connect,rCVoCy93X5w
654,Enola Holmes 2,KKXNmYoPkx0
655,The Lost Patient,qN2pTwhEZdo
656,Wednesday,Di310WS8zLk
657,The Night Owl,_QNDVDMo07Y
658,Echo 3,rJ_CMFSaOO8
659,Somebody,PsGKjl48QWs
660,1899,ulOOON_KYHs
661,Knives Out 2,gj5ibYSz8C0
662,Revenge of Others,9gjMIeMksnQ
663,The Wonder,htybz7XscIY
664,The Post-Truth World,HvB0tjCXvOM
665,The Devil's Hour,QS1tojGz93U
666,Shards of Her,QCPoPO3XBh8
667,Daniel Spellbound,vyKAkZQmirs
668,Confession,wSRkwijeNjs
669,Guillermo del Toros Cabinet of Curiosities,E3E1URhCR60
670,The Kinnaree Conspiracy,SgnSI341F6Y
671,The Peripheral,bRdkRQzcrrc
672,The Good Nurse,e0DQevX-GZs
673,Faces Of Anne,Wln2HFO073M
674,The Watcher,dYo91Fq9tKY
675,The Ex-Wife,dbXnoQPMkb0
676,Halloween Ends,i_mAWKyfj6c
677,The Midnight Club,xtMa8MZhv1s
678,Glitch,pYub7xwhWYg
679,Significant Other,A2ArvtpGtKU
680,Mr. Harrigan's Phone,4Un_ker71dg
681,Detective Conan: The Culprit Hanzawa,YisoQZ5L684
682,Trick or Treat Scooby-Doo!,PQKHtdElMng
683,Cheer Up,AaGu8XCnghg
684,Luckiest Girl Alive,B_XUlbPW-eY
685,Spirit Halloween: The Movie,s2b1w-4RKpM
686,Hellraiser,oUlgwJNdu2I
687,Strange Tale Of Tang Dynasty,kt9ZyzI0sF8
688,Amsterdam,GLs2xxM0e78
689,Inside Man,FSH-dbbiroI
690,The Offering,oMc-iybcRdc
691,Smile,BcDK7lkzzsU
692,The Infernal Machine,q0vrecpxXZU
693,The Golden Spoon,nilFTYY2cZY
694,Don't Worry Darling,FgmnKsED-jU
695,The Perfumier,2nPybdzOuG8
696,Quantum Leap,FJD1Du0GHZc
697,A Jazzman's Blues,PCggYIdUpyw
698,Goodnight Mommy,3lKm2Vct3x4
699,Hell Dogs,62n6L96q4i8
700,Confess Fletch,pb2Pu5EjC1s
701,Jeepers Creepers: Reborn,eNH2bRZ6gJw
702,Nightalk,VLwcsT0nBHw
703,Sick,IlS90jL1EHQ
704,Barbarian,Dr89pmKrqkI
705,Strange Door and Dark Blade,WMaQVPuKN-k
706,Devil in Ohio,94M1gj1fZQE
707,Stowaway,A_apvQkWsVY
708,Out of the Blue,Bs64JSTNy1c
709,The Investigator,q7Sb0eMaSNs
710,Surfside Girls,dM26qbFreBc
711,Sniper: Rogue Mission,QZ4au55F2mQ
712,Wifelike,QcGRZnYbGjM
713,School Tales The Series,t-CtcO9ktpw
714,Hunt,xJUOIKg4Bic
715,Bodies Bodies Bodies,DMgLMaLlK9k
716,Kakegurui Twin,VVMh5dvGB1g
717,P.S. I Hate You,3M0W1IbM2EI
718,Poong the Joseon Psychiatrist,qc2Nr-1AYBc
719,Detective Dee and Nine Dragon Coffin,YhPfb9zJvIA
720,Vengeance,nj6p2abJnQI
721,Big Mouth,q2bDXqjyxSk
722,Pretty Little Liars: Original Sin,1tyq-GV7rPw
723,Bad Romeo,BvILqf2_x40
724,Nope,In8fuzj3gck
725,Special Bodyguard 5,D41MqhxQ4ho
726,Remarriage & Desires,aSnaS1JKvc0
727,Where the Crawdads Sing,PY3808Iq0Tg
728,Contorted,p6Z7bdD4pHM
729,Detective vs. Sleuths,hz2pwocMsOw
730,The Deadly Affair,mydZrGJq_FA
731,Last the Night,QrZSkMeKNmw
732,Decision to Leave,Bmoy73lhs-s
733,Café Minamdang,jooKgfdfPJg
734,Becoming Witch,tMj8vR0pme4
735,Murder at Yellowstone City,3b1zQDcyPhw
736,Money Heist: Korea,Uafg97czxeQ
737,The Black Phone,3eGP6im8AZA
738,Alchemy of Souls,nlRw1CGbFU0
739,The Witch: Part 2. The Other One,EgOiCWTR_JU
740,Jinxed at First,r6XZHE1JS5Q
741,Dark Winds,KU9X4Xyb8JE
742,Link: Eat Love Kill,VyDCeQ-dSfs
743,Watcher,kpebJezzK30
744,Why Her?,dJTU48_yghs
745,Kisaragi Station,JuA15hScolw
746,There Are No Saints,VGSaB7M6FZk
747,Revenge Girl / Fatal Girl,Qckq789FKsY
748,Undying Secret,C5_6HtmbZ18
749,Detective Dee: Scent of a Killer,7OohT3e7va8
750,Medical Examiner Dr. Qin: The Mind Reader,dfYgCkvz0eU
751,Chip 'n Dale: Rescue Rangers,mKEgYkoZh60
752,The Lincoln Lawyer,u-sLh8-ohzc
753,Song of the Assassins,ao-My1meXFQ
754,Lesson in Murder,BqtaxdufgQA
755,The Curious Case of Tianjin,8wnydgdNVyk
756,Open the Coffin,oRm-Q_cUmz0
757,My Lovely Bodyguard,xocb4XZHAto
758,Monstrous,4bRnHRf6zv4
759,Shining Girls,GiNCIA4kszw
760,I Want to Know Your Parents,uwK3bqI-3zI
761,The Mystery of Marilyn Monroe: The Unheard Tapes,f2OGhJoypPw
762,The Wind Blows From Longxi,Yz9vOSVzIQM
763,Qinling Mountains,tQgfD6IhwKk
764,From Now On Showtime,JHs_7sWA-TE
765,Toxic,IOADonyCAcc
766,Anchor,EJHSoiOEIZs
767,Anatomy of a Scandal,M1UGGZnHyf8
768,Detective Conan Movie 25: The Bride of Halloween,LzCD9wPNd6A
769,Again My Life,p8tqkchH72U
770,The Girl on a Bulldozer,i3b2elcOp4g
771,Green Mothers' Club,iTi9FsMpDuk
772,Detective Conan: Zero's Tea Time,JofxV0ehN2s
773,Boon,-a-hB2Dkc0U
774,Morbius,oZ6iiRrz1SY
775,Moon Knight,x7Krla_UxRg
776,Infinite Storm,HW4ptRpbkk8
777,Dear Doctor I'm Coming for Soul,4KZaflc_MAs
778,Music and Krasue,r8myRApJ_YI
779,The King of Pigs,4RroaaUfHfg
780,Umma,QQdXvvtu-iI
781,Deep Water ,yHIV7BO1dkk
782,Incantation,HnyNZdcL_GY
783,The Blue Whisper,SrBL-ax_95Y
784,Legally Romance,mIpWztEY82k
785,Last One Standing,LiYTYfZCxgM
786,Pieces Of Her,BJwPc0MsbOQ
787,The Weekend Away,820j10lEAec
788,Bond Of Hatred,pj3Wa_0QYsE
789,The Batman,mqqft2x_Aa4
790,Gasoline Alley,2H4Lfwc0U94
791,The Outfit,3UgJL23HxyU
792,Remember 15,nS2cZSzl-is
793,Caught in His Web,QI-wuHlAICM
794,Erax,erumMitHtlU
795,Severance,xEQP4VVuyrY
796,Usogui,TjY3gNYkS10
797,The Mystic Nine: Begonia from Qingshan,_fJcqff8S9g
798,Death on the Nile,dZRqB0JLizw
799,The Curse of Saree,dtnmzTXKKtc
800,Monster Portal,JG89em8fPL0
801,In From the Cold,crov8Fl88r0
802,The Requin,gt6niWvJxHQ
803,Exploited,DW3aTkGCXcM
804,Detective Dee And The Pact With The Underworld Gods,VvGUA1JmERw
805,Di Ren Jie Zhi Bu Si Xiu Luo,_9tJN_O84yQ
806,Shattered,CcsQr1VyMnc
807,Through the Darkness,rxtjl9Yxkwo
808,Brazen,WJPSSL2lSjU
809,The Righteous Fists,2Pxmnm5uZPY
810,Song Ci,v-ztAl9gpDY
811,Wonderful Time,5YvzStBaays
812,Hot Blooded Detective,6eCQQx8mQ2c
813,The Silent Sea,Af_Hj0MDBBQ
814,Mother/Android,JRl214mDZ-g
815,Station Eleven,LPm52rq8CZA
816,The Matrix Resurrections,9ix7TUGVYIo
817,Flying Tiger III,aDOHlUyym7Y
818,Born to Spy,pUTdU4a37Ug
819,Your Turn to Kill: The Movie,BYBgv393ZGQ
820,Artificial City,HIc38MJl8JI
821,The Mask,LZl69yk5lEY
822,You Don't Know Me,XVBvTErpdq4
823,The Whole Truth,wNIY6wfkQxM
824,Ice Heart In Jade Pot,zMIM6RBH7ew
825,Show Window: The Queen's House,e0-cBSCSrDI
826,Light the Night,yS3gcCzzUfA
827,One Ordinary Day,uu2XcG1v1-w
828,A Kindhearted Christmas,nBWmDXv6FtA
829,A House on the Bayou,8lqWoF3YrvM
830,Infinite Rebirth,8pYI0jNXSqI
831,Yellowjackets,mX22D65TqAs
832,Summer Ghost,JgXXExMU9IQ
833,The Kiddie Grave,54Br6WjErBY
834,Secret Royal Inspector & Joy,krcICbziqiU
835,Happiness,gqhUlldiLEo
836,Detective Dee: The Sly Red-eye,ek-Mz34MmRw
837,Bloody Game,nKDJW2Xsgmg
838,You Have To Kill Me,yOaU8bMpMr8
839,Inspector Koo,wJV6DLQPShs
840,Chimera,DG0M8vJgltw
841,Crime Puzzle,uqGaINrhvbM
842,Predator: Badlands,43R9l7EkJwE
843,Good Boy,q4-CRkd_74g
844,The Roses,XkgMaS5gbaA
845,Black Phone 2,v0kqkRZHqk4
846,Good Fortune,ZKWndx83RwQ
847,TRON: Ares,YShVEXb7-ic
848,Roofman,GXecSGmQDEI
849,The Smashing Machine,aRpnP3LZ99g
850,One Battle After Another,feOQFKv2Lw4
851,A Big Bold Beautiful Journey,7t9cPtA9St0
852,Gabby's Dollhouse: The Movie,S-GFCPEWqe4
853,Family Secret,B1WKeN3X0ak
854,The Long Walk,vAtUHeMQ1F8
855,The Threesome,Mafhm2_5Pzc
856,The Conjuring: Last Rites,bMgfsdYoEEo
857,Rhapsody for the Dead,LOfq0239Kv0
858,Honey Don't!,Jzr6pHIZAI0
859,The Bad Guys 2,TY1lWh20VSw
860,Gold Rush Gang,2MVjg_SXjgM
861,Nobody 2,-5X2pt95cIo
862,Freakier Friday,IyJzhtJEtoU
863,My Daughter is a Zombie,H-grngL19_o
864,The Naked Gun,uLguU7WLreA
865,Together,aSR8mOPBa0I
866,Dangerous Animals,WR2btzjmmuc
867,Omniscient Reader: The Prophecy,SSKEanNgKVg
868,The Fantastic Four: First Steps,pAsmrKyMqaA
869,The Legend of Hei 2,sL6rUxTWl1g
870,Eddington,oL6jZqExlIk
871,Ghost Train,L3tFTImZWsM
872,Superman,Ox8ZLF6cGM0
873,Smurfs,s18jQqtGsMw
874,Noise,-Nm4JWwJyoA
875,F1: The Movie,69ffwl-8pCU
876,M3GAN 2.0,IYLHdEzsk1s
877,28 Years Later,mcvLKldPM08
878,Attack 13,ASDc_b3miII
879,Materialists,4A_kmjtsJ7c
880,Elio,ETVi5_cnnaE
881,How to Train Your Dragon,22w7z_lT6YM
882,Ballerina,0FSwsrFpkbw
883,Hi-Five,QLv_ARaBAH4
884,Karate Kid: Legends,LhRXf-yEQqA
885,Big Deal,wx1n5MkH3ZI
886,Bring Her Back,kBskrYZfhw8
887,The Ritual,Vfugwq2uoa0
888,The Phoenician Scheme,GEuMnPl2WI4
889,Mission: Impossible - The Final Reckoning,fsQgc9pCyDU
890,Lilo & Stitch,VWqJifMMgZE
891,Yadang: The Snitch,xEMmWJQOIrU
892,Virus,38MijVTyP7s
893,Thunderbolts,hUUszE29jS0
894,Holy Night: Demon Hunters,0l35oxLd1UI
895,The Accountant 2,3wRCOqyDI6E
896,Lobby,z5VV-CO6hyI
897,The Wedding Banquet,6SVnXwUXYW4
898,Sinners,bKGxHflevuk
899,The Amateur,DCWcK4c-F8Q
900,A Working Man,zTbgNC42Ops
901,The Stone,g-g83Tws5F0
902,Lovesick,7A_MqggU6DI
903,A Minecraft Movie,wJO_vIDZn-I
904,Peg O' My Heart,dDd8YhzUyaA
905,Love Lies,vAHhmKMmaMw
906,You Are the Apple of My Eye,gQylx2S9yrM
907,Beyond the Sin,gkr7u4Wpbgk
908,The Red Envelope,ZLgiLEYH3mU
909,Snow White,iV46TJKL8cU
910,Novocaine,-PyOIlJEdqA
911,Another Simple Favor,QWajCwdC_TM
912,Mickey 17,osYpGSz_0i4
913,Exorcism Chronicles: The Beginning,yh12RZ_RKFo
914,The Unbreakable Boy,pGbLX3__m60
915,Riders,AlrWRttLTkg
916,The Monkey,p2uBZ3AaZAM
917,Bridget Jones: Mad About the Boy,AZr9lYz12jw
918,Captain America: Brave New World,1pHDWnXmK7Y
919,Creation of the Gods II: Demon Forces,nbYvqpf7A6M
920,Ne Zha 2,ETlOSBR92Fs
921,The Siren,ux3jsEdvDDM
922,Secret: Untold Melody,MJgpnZAsKts
923,Thunderstruck Cop,BR4EWCyPqAQ
924,Under Ninja,u4BNaa_i_tA
925,Companion,Qr_kX0D3DNA
926,Flight Risk,ojC9JBuccJA
927,Hitman 2,R8aRCwbZGek
928,The Last Dance,N9Z9JtNcCWY
929,Forbidden Fairytale,Y9dYvlmxpaU
930,Harbin,APwvisWxjaI
931,Sonic the Hedgehog 3,qSu6i2iFMO0
932,Mufasa: The Lion King,o17MF9vnabg
933,Kraven: the Hunter,I8gFw4-2RBM
934,404 Run Run,xPdLyGPe-wk
935,Dear Santa,Cr7z5Q7oJc0
936,Wicked,6COmYeLsz4c
937,Her Story,OKXNGLR6SPM
938,Paddington in Peru,NTvudSGfHRI
939,Red One,U8XH3W0cMss
940,The Best Christmas Pageant Ever,cT7x4HpCICc
941,Idiot Girls and School Ghost: School Anniversary,gpxcDri7hMg
942,Juror #2,EhkkBFhW-MM
943,Amazon Bullseye,NAqsw1JrVpQ
944,Venom: The Last Dance,__2bjWbetsA
945,We Live in Time,bS0Clau5700
946,Death Whisperer 2,1vnk75Ztiog
947,Woman of the Hour,rFdKPqql_Qo
948,Joker: Folie à Deux,_OKAwz2MsJs
949,Love in the Big City,mqYjCJwmnfI
950,Megalopolis,pq6mvHZU0fc
951,Weekend in Taipei,pPwLXK7ot2E
952,Stuntman,VvmjIsCmBSo
953,I The Executioner,Caj3acppTA4
954,Transformers One,0rmJXXKDrsM
955,Speak No Evil,FjzxI6uf8H8
956,Hellboy: The Crooked Man,6UEO6QTbvKc
957,Beetlejuice Beetlejuice,CoZqL9N6Rx4
958,My Dearest Fu Bao,MPIImHaz8OA
959,The Desperate Chase,aJJkZJTXg2I
960,Victory,JwwEIPJ4XG0
961,Dead Talents Society,PgmWdokIDsE
962,Borderlands,lU_NKNZljoQ
963,It Ends with Us,DLET_u31M4M
964,Pilot,XEZu5HGh6HQ
965,Deadpool & Wolverine,73_1biulkYk
966,Successor,7vd-LI1dbpM
967,Long Distant,XBHNALPwxYE
968,Fly Me to the Moon,lW7enw6mFxs
969,Hijack 1971,UxyutkXQnvA
970,Despicable Me 4,qQlr9-rF32A
971,Drive,KBiOF3y1W0Y
972,Inside Out 2,LEjhY15eCx0
973,Bad Boys: Ride or Die,hRFY_Fesa9Q
974,The Plot,7WLkvlpLp-Q
975,Hit Man,LVqxMCZ3u6k
976,A Balloon's Landing,S-uekDNn3UU
977,Kingdom of the Planet of the Apes,XtFI7SNtVpY
978,IF,mb2187ZQtBE
979,Tarot,bvDArsKoTOE
980,My Boo,saBiD7UJt00
981,The Fall Guy,j7jPnwVGdZ8
982,The Roundup: Punishment,0phxk3pV6hI
983,Twilight of the Warriors: Walled In,OnNhVxWzmhM
984,10 Lives,RYiN-h_Kbhs
985,Under Parallel Skies,XF6A7dPEeR4
986,Monkey Man,5qVQxw5Hbvk
987,Godzilla x Kong: The New Empire,lV1OOlGwExM
988,Ghostbusters: Frozen Empire,HpOBXh02rVc
989,Wannabe,F3I6t091MBM
990,Kung Fu Panda 4,_inKs4eeHiI
991,Pee Nak 4,jZ3TOw7B6qI
992,Citizen of a Kind,euAZH6rOXNM
993,The Beekeeper,SzINZZ6iqxY
994,SPY×FAMILY CODE: White,m5TxWbtQ7qU
995,Aquaman and the Lost Kingdom,UGc5Tzz19UY
996,Wonka,otNh9bTjXWg
997,Slyth The Hunt Saga,dmncDbJwOSg
998,Good Job,hTPlXvRoRt4
999,The Hunger Games: The Ballad of Songbirds & Snakes,RDE6Uz73A7g
1000,The Marvels,wS_qbDztgVY
1001,Brave Citizen,1LinV73o7WM
1002,White Bird,aTTPea6gHh4
1003,Taylor Swift: The Eras Tour,KudedLV0tP0
1004,Love Reset,vFseJg1WeMk
1005,Saw X,t3PzUo4P21c
1006,Expend4bles,DhlaBO-SwVE
1007,The Equalizer III,19ikl8vy4zs
1008,Meg 2: The Trench,dG91B3hHyY4
1009,Miss Shampoo,zAWSoj5Vbhg
1010,Oppenheimer,uYPbbksJxIg
1011,Mission: Impossible Dead Reckoning Part 1,avz06PDqDbM
1012,The Childe,B_uThkfbPZQ
1013,No Hard Feelings,P15S6ND8kbQ
1014,Elemental,hXzcyx9V0xw
1015,The Flash,hebWYacbdvc
1016,Transformers: Rise of the Beasts,itnqEauWQZM
1017,Spider-Man: Across the Spider-Verse,cqGjhVJWtEg
1018,Fast X,32RAq6JzY-w
1019,Guardians of the Galaxy Vol. 3,u3V5KDHRQvk
1020,My Precious,cFNKgqOwq-I
1021,Renfield,6LmO6rmDW08
1022,To Catch a Killer,WEUX9HwlF5c
1023,Dungeons & Dragons: Honor Among Thieves,IiMinixSXII
1024,John Wick: Chapter 4,qEVUtrk8_B4
1025,Woongnami,T6qB_fvZh9s
1026,Shazam! Fury of the Gods,Zi88i4CpHe4
1027,Doraemon Movie 42: Nobita's Sky Utopia,QQEKExajqJo
1028,Kill Boksoon,70e5RjgkHjU
1029,Ant-Man and the Wasp: Quantumania,ZlNFpri-Y40
1030,M3GAN,BRb4U99OU80
1031,Babylon,5muQK7CuFtY
1032,Black Panther: Wakanda Forever,_Z3QKkl1WyM
1033,OMG! Oh My Girl,VKk6UvyysU8
1034,Midnight Horror: Six Nights,UDqf9DkwUVA
1035,Black Adam,X0tOpBuYasI
1036,Honest Candidate 2,TPJgz7v8tKQ
1037,The Tunnel to Summer the Exit of Goodbyes,EhPu7arYYYo
1038,Confidential Assignment 2: International,ZYuNzKBtDhI
1039,Three Thousand Years of Longing,TWGvntl9itE
1040,6/45,EKyqO0X4oM8
1041,Happy Ending,VHn1PnJWhKg
1042,Father of the Bride,s4L-jBx0eRU
1043,Fearless Love,qYxPw6mwlko
1044,Thor: Love and Thunder,Go8nTmfrQd8
1045,Minions: The Rise of Gru,6DxjJzmYsXo
1046,Lightyear,BwZs3H_UN3k
1047,Broker,e4Xm68vycP4
1048,My Girl 2037,cpHPil9Nd0A
1049,Good Morning,T4pjiibBtUQ
1050,Top Gun: Maverick,qSqVVswa420
1051,Doctor Strange in the Multiverse of Madness,aWzlQ2N6qqg
1052,Take Care Of My Mom,9lvYjuWYNAs
1053,Fantastic Beasts: The Secrets of Dumbledore,Y9dr2zw-TXQ
1054,Everything Everywhere All at Once,wxN1T1uxQ2g
1055,Pee Nak 3,677RxUbigi8
1056,Turning Red,XdKzUbAiswE
1057,The Ledge,lI5QB-BOWNo
1058,Moonfall,ivIwdQBlS10
1059,The 355,SV0s2S9reT0
1060,The Policeman's Lineage,hkLuyGOR0ng
1061,The King's Man,5zdBG-iGfes
1062,Spider-Man: No Way Home,JfVOs4VSpmA
1063,House of Gucci,pGi3Bgn7U5U
1064,Ghostbusters: Afterlife,ahZFCF--uRY
1065,Eternals,x_me3xsvDgk
1066,Encanto,CaimKeDcudo
1067,Venom: Let There Be Carnage,-ezfi6FQ8Ds
1068,Shang-Chi and the Legend of the Ten Rings,8YjFbMbfXaQ
1069,He's All That,XqTPaRz8Nx8
1070,The Suicide Squad,eg5ciqQzmK0
1071,Black Widow,ybji16u608U
1072,Till Death,Wfmb1-UEpW4
1073,The Boss Baby: Family Business,QPzy8Ckza08
1074,The Forever Purge,xOrXpK-rUaI
1075,Luca,mYfJxlgR2jw
1076,The Misfits,lxhMLjt83KQ
1077,The Conjuring: The Devil Made Me Do It,h9Q4zZS2v1k
1078,Fast 9,FUK2kdPsBws
1079,Wrath of Man,EFYEni2gsK0
1080,Mortal Kombat,ZdC5mFHPldg
1081,My Boss Is Serial Killer,qqxMfeIqSXI
1082,Godzilla vs. Kong,odM92ap8_c0
1083,Haunted Tales,uDOmoqvTkG4
1084,Detective Chinatown 3,Q3yHJuRkfUI
1085,Redemption Day,TWjsU76dEIE
1086,Soul,xOsLIiBStEs
1087,Wonder Woman 1984,sfM7_JLk-84
1088,Josée,gPQs2TZiS1M
1089,The Con-Heartist,md3CmFLGK6Y
1090,More Than Family,L_xEa_dMmn8
1091,Legend of Deification,eKhjhtVsV1g
1092,Pawn,ylq5mKnv07Y
1093,The Golden Holiday,qoRDgpPpH0U
1094,Tenet,LdOM0x0XDMo
1095,Doraemon Movie 40: Nobita's New Dinosaur,BJtSICq4RNY
1096,Greenland,vz-gdEL_ae8
1097,The New Mutants,W_vJhUAOFpI
1098,Onward,gn5QmllRCn4
1099,Pee Nak 2,aQ0yCPKK7kU
1100,The Call of the Wild,5P8R2zAhEwg
1101,Birds Of Prey And The Fantabulous Emancipation Of One Harley Quinn,kGM4uYZzfu0
1102,The Closet,28Honaz1R5M
1103,Secret Zoo,J3KMGFRNsWU
1104,Bad Boys for Life,jKCj3XuPG8M
1105,Stare,85nfSzEho68
1106,Intruder,aKXvex7b1Ew
1107,Tootsies & the Fake,dcr-gSaZOuM
1108,Jumanji: The Next Level,rBxcF-r9Ibs
1109,Frozen II,Zi4LMpSDccc
1110,Charlie's Angels,RSUq4VfWfjE
1111,The Divine Move 2: The Wrathful,scojwXhmLHo
1112,Aeronauts,Rm4VnwCtQO8
1113,21 Bridges,BVZDhunTrYA
1114,Zombieland: Double Tap,ZlW9yhUKlkQ
1115,Crazy Romance,l_QhAUFw_EM
1116,Joker,zAGVQLHvwOY
1117,Ad Astra,P6AaSMfXHbA
1118,Cheer Up Mr. Lee,fZIbucb2Umo
1119,IT: Chapter 2,xhJ5P7Up3jA
1120,Angel Has Fallen,isVtXH7n9lI
1121,Where'd You Go Bernadette,Em1onUCArxs
1122,Fast & Furious Presents: Hobbs & Shaw,HZ7PAyCDwEg
1123,Exit,DlRQ1oatOt8
1124,A Rainy Day in New York,yIVRldiVDL8
1125,Once Upon a Time... in Hollywood,ELeMaP8EPAA
1126,Spider-Man: Far From Home,Nt9L1jCKGnE
1127,Toy Story 4,wmiIUN-7qhE
1128,Men in Black: International,BV-WEb2oxLk
1129,Dark Phoenix,1-q8C_c-nlM
1130,Parasite,isOGD_7hNIY
1131,Godzilla: King of the Monsters,QFxN2oDKk0E
1132,Aladdin,-G5XI61Y9ms
1133,John Wick: Chapter 3 - Parabellum,M7XM597XO94
1134,The Hustle,_j5hwooOHVE
1135,Miss & Mrs. Cops,mQZsBUI6WE8
1136,The Intruder,aKXvex7b1Ew
1137,Ugly Dolls,qqlEGYo0xCA
1138,Inseparable Bros,8swTihqTm8Y
1139,Avengers: Endgame,TcMBFSGVi1c
1140,Shazam!,go6GEIrcvFY
1141,Money,JNO8a-j99l0
1142,Five Feet Apart,XtgCqMZofqM
1143,Captain Marvel,Z1BCujX3pw8
1144,Pee Nak,tIj6DHUhgD8
1145,The Odd Family: Zombie On Sale,sL6FOB0N3P8
1146,The Knight of Shadows: Between Yin and Yang,nj4PpRpg2b8
1147,Extreme Job,l9Hu3Xocc-g
1148,The Upside,EWw7rCHcduQ
1149,Escape Room,6dSKUoV0SNI
1150,Bumblebee,lcwmDAYt22k
1151,Aquaman,WDkg3h8PCVU
1152,Spider-Man: Into the Spider-Verse,g4Hbz2jLxvQ
1153,Fantastic Beasts: The Crimes of Grindelwald,vvFybpmyB9E
1154,The Girl in the Spider's Web,XKMSP9OKspQ
1155,Rampant,MODgVTyihbU
1156,First Man,PSoRx87OO6k
1157,Venom,u9Mv98Gr5pY
1158,The Soul-Mate,nxTFq_KCVmQ
1159,The Negotiation,4xIaVKyO6L8
1160,The Great Battle,s3xlf7o5GCs
1161,Johnny English Strikes Again,-Qv6p6pTz5I
1162,The Nun,pzD9zGcUNrw
1163,A Simple Favor,rAqMlh0b2HU
1164,Searching,3Ro9ebQxEOY
1165,Europe Raiders,QOc0Gz2ho3o
1166,Crazy Rich Asians,ZQ-YX-5bAs0
1167,The Meg,udm5jUA-2bs
1168,Destination Wedding,TjXQzRWmb_I
1169,The Spy Who Dumped Me,CXkUaaVrB_s
1170,Along with the Gods: The Last 49 Days,IfzZYija-wM
1171,The Equalizer II,HyNJ3UrGk_I
1172,Mission: Impossible - Fallout,wb49-oV0F78
1173,Skyscraper,t9QePUT-Yt8
1174,The First Purge,UL29y0ah92w
1175,Ant-Man and the Wasp,8_rTIAOohas
1176,Sicario: Day of the Soldado,sIMChzE_aCo
1177,Incredibles 2,i5qOzqD9Rms
1178,The Accidental Detective 2: In Action,6LeVz-WvNwM
1179,Jurassic World: Fallen Kingdom,vn9mMeWcgoM
1180,Escape Plan 2: Hades,6Q7vVt-MeXk
1181,Adrift,HdMP4sWc71M
1182,Deadpool II,D86RtevtfrA
1183,Tully,e5D3O4yCmCg
1184,Avengers: Infinity War,6ZfuNTqbHE8
1185,Rampage,coOKvrsmQiI
1186,Gringo,7-bZLM3I-C0
1187,Tomb Raider,8ndhidEmUbI
1188,Every Day,GyGnoZCZaoQ
1189,The Monkey King 3: Kingdom Of Women,-dRwM2SECIg
1190,Detective Chinatown 2,0tTiuploPMM
1191,Black Panther,xjDjIWPwcPU
1192,Peter Rabbit,7Pa_Weidt08
1193,Fifty Shades Freed,nJCc5HRPxYA
1194,Maze Runner: The Death Cure,4-BTxXm8KSg
1195,Insidious: The Last Key,acQyrwQyCOk
1196,The Greatest Showman,EodWwczRIe4
1197,Along With the Gods: The Two Worlds,sD7dmu-IWNw
1198,Jumanji: Welcome To The Jungle,2QKg5SZ_35I
1199,Coco,xlnPHQ3TLX8
1200,Breathe,JycCFypvgmI
1201,Blade Runner 2049,gCcx85zbxz4
1202,Thor: Ragnarok,ue80QwXMRHg
1203,I Can Speak,Enxcv2xNmdY
1204,Kingsman: The Golden Circle,6Nxc-3WpMbg
1205,It,xKJmEC5ieOk
1206,Midnight Runners,XJf3lqjosUo
1207,A Bad Moms Christmas,NGewN1G988o
1208,The Dark Tower,GjwfqXTebIY
1209,Atomic Blonde,IGDdv88uJsQ
1210,Valerian and the City of a Thousand Planets,NNrK7xVG3PM
1211,Dunkirk,F-eMt3SrfFU
1212,Spider-Man: Homecoming,rk-dF1lIbIg
1213,Baby Driver,zTvJJnoWIPk
1214,Transformers: The Last Knight,6Vtf0MszgP8
1215,Despicable Me 3,6DBi41reeF0
1216,Rough Night,oIB4jNYeRY4
1217,Wonder Woman,1Q8fG0TtVAY
1218,Baywatch,eyKOgnaf0BU
1219,Pirates of the Caribbean: Dead Men Tell No Tales,KrGyD4kHTSE
1220,The Merciless,WVtBfQqKyh4
1221,The Sheriff In Town,qZ4v4RW-jV4
1222,Bad Genius,0XryxGl8ZNQ
1223,Guardians of the Galaxy Vol. 2,dW1BIid8Osg
1224,The Fate of the Furious,JwMKRevYa_M
1225,Life,LeLsJfGmY_Y
1226,Beauty and the Beast,pnkgw6pAKkM
1227,Kong: Skull Island,FEGNZETcuAk
1228,Doraemon Movie 37: Nobita's Great Adventure in the Antarctic Kachi Kochi,sEte44DDXYA
1229,Logan,Div0iP65aZo
1230,Fabricated City,nWH__bffCOk
1231,John Wick: Chapter 2,ChpLV9AMqm4
1232,Fifty Shades Darker,n6BVyk7hty8
1233,xXx: Return of Xander Cage,-ziu6JzJTZ0
1234,Resident Evil: The Final Chapter,79Sd4GtOXuI
1235,Passengers,7BWWWQzTpNU
1236,Rogue One: A Star Wars Story,frdj1zb9sMY
1237,Personal Shopper,xC8AjoqpBAY
1238,Patriots Day,KJXqh2rDehg
1239,La La Land,0pdqf4P9MB8
1240,Underworld: Blood Wars,rKHL5PyAPzs
1241,My Annoying Brother,5vYf4lCaTxY
1242,Fantastic Beasts and Where to Find Them,ViuDsy7yb8M
1243,Arrival,tFMo3UJ4B4g
1244,Doctor Strange,h7gvFravm4A
1245,Jack Reacher: Never Go Back,aRwrdbcAh2s
1246,Inferno,RH2BD49sEZI
1247,Moana,n7f6hlKsxxo
1248,Miss Peregrine's Home for Peculiar Children,tV_IhWE4LP0
1249,Bridget Jones's Baby,mJsvmscPY9w
1250,The Magnificent Seven,q-RBA0xoaWU
1251,Mechanic: Resurrection,QF903RaKLvs
1252,My Best Friend's Wedding,7gRQFgdtAXs
1253,Suicide Squad,CmRih_VtVAs
1254,Bad Moms,iKCw-kqo3cs
1255,Jason Bourne,v71ce1Dqqns
1256,Ghostbusters,w3ugHP-yZXw
1257,Seondal: The Man Who Sells the River,ZZpri_CEkQk
1258,The Purge: Election Year,RXMp9fBomJw
1259,Familyhood,JhA28mCRffc
1260,Finding Dory,JhvrQeY3doI
1261,Don't Breathe,76yBTNDB6vU
1262,Now You See Me 2,4I8rVcSQbic
1263,Me Before You,T0MmkG_nG1U
1264,Alice Through the Looking Glass,anvGUW-vsLE
1265,Money Monster,2T6YKCc_-co
1266,Captain America: Civil War,dKrVegVI0Us
1267,Time Renegades,mCBWaU7nfgQ
1268,The Huntsman: Winter's War,_W65ndip7MM
1269,Batman v Superman: Dawn of Justice,0WWzgGyAH6Y
1270,Gods of Egypt,IJBnK2wNQSo
1271,Grimsby,_YtclB_02wA
1272,Risen,OcTVLfn5i8g
1273,Like for Likes,puC3uxno4_Q
1274,Detective Chinatown,Q0_fqtjUqns
1275,The Hunger Games: Mockingjay - Part 2,n-7K_OjsDCQ
1276,The Good Dinosaur,O-RgquKVTPE
1277,The Walk,GR1EmTKAWIw
1278,The Perfect Guy,CikoxQ4ytI4
1279,Legend,VL1wuCh8IV4
1280,Maze Runner: The Scorch Trials,-44_igsZtgU
1281,The Transporter Refueled,sU5lEfAkOGM
1282,Veteran,3B-mmwo5mOs
1283,Goosebumps,7Cn716jv61s
1284,Mission: Impossible - Rogue Nation,gOW_azQbOjw
1285,Pixels,XAHprLW48no
1286,Ant-Man,pWdKf3MneyI
1287,The Piper,tPycF54GGIQ
1288,Absolutely Anything,0CYVGN98ZLA
1289,Sleeping with Other People,RG3Q2ua5izw
1290,Ted 2,S3AVcCggRnU
1291,Inside Out,yRUAzGQ3nSY
1292,Minions,ZSdOwt-G49w
1293,Jurassic World,RFinNxS5KN4
1294,Insidious: Chapter 3,3HxEXnVSr1w
1295,Chronicles of Evil,BMHbSRZfKIU
1296,Mad Max: Fury Road,hEJnMQG9ev8
1297,Coin Locker Girl,Bl97yo30XS8
1298,Avengers: Age of Ultron,tmeOjFno6Do
1299,Furious 7,Skpu5HaVkOc
1300,Hot Tub Time Machine II,BNJ-UxlKXGY
1301,Fifty Shades of Grey,SfZWFDs0LxA
1302,C'est Si Bon,ESvyMS8zyXo
1303,Ex Machina,sNExF5WYMaA
1304,The Wedding Ringer,KG5CnCgnplU
1305,Love Forecast,NA33xr7YgQs
1306,Wild Card,7fJGbTfFPkM
1307,Night at the Museum: Secret of the Tomb,KMKk7Dn__-Y
1308,Taken 3,JuU0M2xBasc
1309,Kingsman: The Secret Service,m4NCribDx4U
1310,The Hobbit: The Battle of the Five Armies,iVAgTiBrrDA
1311,The Theory of Everything,Salz7uGp72c
1312,The Hunger Games: Mockingjay - Part 1,3PkkHsuMrho
1313,John Wick,C0BMx-qxsP4
1314,Love Rosie,5zL3YJKygd4
1315,Fury,q94n3eWOWXM
1316,Dracula Untold,_2aWqecTTuE
1317,The Equalizer,VjctHUEmutw
1318,The Maze Runner,AwwbhhjQ9Xk
1319,The Four 3,6W7lqlku3p0
1320,If I Stay,m9hZ40TJ0zs
1321,Stand by Me Doraemon,dnRAVwBBRRA
1322,The Expendables 3,4xD0junWlFc
1323,Guardians of the Galaxy Vol 1,d96cjJhvlMA
1324,Lucy,bN7ksFEVO9U
1325,The Purge: Anarchy,XzFCDqKE4yA
1326,Transformers: Age of Extinction,T9bQCAWahLk
1327,The Fault in Our Stars,9ItBvH5J6ss
1328,The Amazing Spider-Man 2,nbp3Ra3Yp74
1329,Captain America: The Winter Soldier,7SlILk2WMTI
1330,Divergent,Aw7Eln_xuWc
1331,Tabloid Truth,SQ3uPfa1oDM
1332,Robocop,IqvRDhW-XVA
1333,Miss Granny,WkkB5CxHUDU
1334,The Wolf of Wall Street,iszwuX1AK6A
1335,Firestorm,IkvI4Y0toJg
1336,The Hobbit: The Desolation of Smaug,OPVWy1tFXuc
1337,American Hustle,NqgjPRNRDSY
1338,The Tale of the Princess Kaguya,W71mtorCZDw
1339,The Four 2,pdKeYpcsPrY
1340,Frozen,TbQm5doF_Uc
1341,The Hunger Games: Catching Fire,MkvUNfySGQU
1342,Thor: The Dark World,npvJ9FTgZbM
1343,Captain Phillips,GEyM01dAxp8
1344,Escape Plan,etWeYkQ_KLw
1345,Gravity,OiTiKOy59o4
1346,Cloudy with a Chance of Meatballs 2,IzC18WEfszw
1347,Insidious: Chapter 2,fBbi4NeebAk
1348,The Face Reader,6wmVXgDHqq8
1349,About Time,7OIFdWk83no
1350,The Flu,1BvKZMg2LjU
1351,Planes,YRjztG65XgI
1352,2 Guns,Yz1z3cRoQNk
1353,Snowpiercer,lGcJL6TG5cA
1354,The Conjuring,ejMMn0t58Lc
1355,Turbo,VlRtm8Gh9PQ
1356,Grown Ups II,Sq5CIH0duMk
1357,Pacific Rim,5guMumPFBag
1358,Blind Detective,rvWey_1E38o
1359,Killer Toon,SBoxMWZ_Pk8
1360,White House Down,WfaTlmYvTA8
1361,Despicable Me 2,TlbnGSMJQbQ
1362,Monsters University,QxrQ6BaijAY
1363,Man of Steel,T6DJcgm3wNY
1364,This Is the End,kliQSsD_npo
1365,The Purge,K0LLaybEuzA
1366,After Earth,CZIt20emgLY
1367,Now You See Me,-E3lMRx7HRQ
1368,Fast & Furious 6,oc_P11PNvRs
1369,The Great Gatsby,4w8lohkQtbY
1370,Hummingbird,8c77ONP5QnM
1371,Iron Man 3,Ke1Y3P9D0Bc
1372,Evil Dead,TnHby2cxJzs
1373,Pee Mak,B9xbj_UK1pc
1374,Olympus Has Fallen,ar-IaAx7s8k
1375,The Gifted Hands,t0vSS_hCsMc
1376,Jack the Giant Slayer,ng9rjC8MOgU
1377,Parker,QGu6InUcdUY
1378,Django Unchained,0fUCuvNlOCg
1379,The Tower,ljiBRTKc0Wc
1380,Jack Reacher,GSycMV-_Csw
1381,Les Misérables,YmvHzCLP6ug
1382,The Hobbit: An Unexpected Journey,SDnYMbYB-nU
1383,Silver Linings Playbook,kVS-6k2tQAA
1384,The Twilight Saga: Breaking Dawn - Part 2,bUXjqQ4GKRg
1385,Cold War,8ImvkXgGVWw
1386,A Werewolf Boy,sLwIrXSV3jA
1387,Here Comes the Boom,M4L6ruTF5qE
1388,Taken 2,u48UrWtCn5E
1389,The Perks of Being a Wallflower,n5rh7O4IDc0
1390,Resident Evil: Retribution,hoyMT-7wEqs
1391,The Impossible,Bgw394ZKsis
1392,Premium Rush,Pn6ie1zCkZU
1393,The Bourne Legacy,jSzy9qQ3mDE
1394,The Expendables 2,ip_CYHdyUBs
1395,Total Recall,pPAy56Otr-E
1396,The Dark Knight Rises,GokKUqLcvD8
1397,Ted,9fbo_pQvU7M
1398,The Amazing Spider-Man,-tnxzJ0SSOw
1399,Brave,TEHWDA_6e3M
1400,Men in Black III,IyaFEBI_L24
1401,The Avengers,eOrNdBpGMv8
1402,Safe,gU-wjVD_58c
1403,Wrath of the Titans,IHHPPX6dnYU
1404,The Hunger Games,mfmrPu43DF8
1405,The Vow,PcL24s-S6ns
1406,Nameless Gangster: Rules of The Time,KCC4iLoV7d0
1407,Underworld: Awakening,tUcrbUCWKQc
1408,Mission: Impossible - Ghost Protocol,m31C9DofmSo
1409,Sherlock Holmes: A Game of Shadows,AsKYSOzCTvY
1410,The Twilight Saga: Breaking Dawn - Part 1,PQNLfo-SOR4
1411,Tower Heist,Z4KXF7NWFRE
1412,30 Minutes or Less,nfOt-Go3ECA
1413,Crazy Stupid Love.,flvz5RMRx7E
1414,Captain America: The First Avenger,qi5UTD7kEr0
1415,Friends with Benefits,MxfaGMuiniI
1416,Harry Potter and the Deathly Hallows: Part 2,mObK5XD8udk
1417,Monte Carlo,X0n3Q_VDQk8
1418,Transformers: Dark of the Moon,XeUtb5L9iNE
1419,Cars 2,oFTfAdauCOo
1420,X-Men: First Class,kyQKi5-k0UU
1421,Blitz,iZwykQK9aZo
1422,Bad Teacher,GahC5cVsU6A
1423,Pirates of the Caribbean: On Stranger Tides,0BXCVe8Yww4
1424,Thor,JOddp-nlNvQ
1425,Fast Five,vcn2GOuZCKI
1426,Hanna,u73CLdHpbNk
1427,Insidious,jxU8FU3o75A
1428,Bleak Night,dQTIQCMNiac
1429,Big Mommas: Like Father Like Son,0bnDBexQ-Yw
1430,Just Go with It,fpj7i2CPt8M
1431,No Strings Attached,uyeRTTTDVQI
1432,The Mechanic,39L8egLr518
1433,The Green Hornet,PMA-taGtfXs
1434,TRON: Legacy,P78pl1FUXfA
1435,The Tourist,5XtbLezJtMg
1436,Faster,XDBeFAlgjio
1437,Harry Potter and the Deathly Hallows: Part 1,Su1LOpjvdZ4
1438,Easy A,KNbPnqyvItk
1439,Resident Evil: Afterlife,SRRN6MvCdeg
1440,Hello Stranger,6AGtFT52ASY
1441,The Expendables,8KtYRALe-xo
1442,Salt,QZ40WlshNwU
1443,Inception,YoHD9XEInc0
1444,Grown Ups,e01NVCveGkg
1445,The Twilight Saga: Eclipse,kX2DKZcDM-o
1446,Knight and Day,JGPl86DBNNs
1447,The Karate Kid,XY8amUImEu0
1448,Get Him to the Greek,scixoG_Tzdo
1449,Letters to Juliet,8j0qMY-LeKM
1450,Iron Man 2,BoohRoVA9WQ
1451,When in Rome,5oImkzL6o_o
1452,Legion,4SZ3rMMYBLY
1453,The Book of Eli,zSMHmtaoXtI
1454,Sherlock Holmes,J7nJksXDBWc
1455,Avatar,nb_fFj_0rq8
1456,White Night,VHpKeRSLnF8
1457,The Twilight Saga: New Moon,q58iQSHhZGg
1458,Cloudy with a Chance of Meatballs,pUaKcFI4BZY
1459,Harry Potter and the Half-Blood Prince,tAiy66Xrsz4
1460,Transformers: Revenge of the Fallen,fnXzKwUgDhg
1461,Moon,WWoDBcSW4_c
1462,Up,HWEW_qTLSEE
1463,Mother,XpICoc65uh0
1464,Night at the Museum: Battle of the Smithsonian,lPLY8O1y0qA
1465,Terminator 4: Salvation,-Czz-TcWCkA
1466,Angels and Demons,GPaAwbveFLg
1467,Crank: High Voltage,t2koYVqwzT4
1468,Fast & Furious,ZsJz2TJAPjw
1469,Doraemon Movie 29: The New Record of Nobita's Spaceblazer,W-iJWCmApug
1470,Watchmen,wdiHDzT6YbQ
1471,Obsessed,gMC8kkwbIQQ
1472,Underworld: Rise of the Lycans,7HCWQjIHJic
1473,Valkyrie,-YppIQUiE9Y
1474,Punisher: War Zone,bTdbeXHMzwg
1475,Transporter 3,Pbh3CDBNIQA
1476,Twilight,uxjNDE2fMjI
1477,Rachel Getting Married,1wDDgSwEo1s
1478,The Incredible Hulk,xbqNb2PFKKA
1479,Kung Fu Panda,NRc-ze7Wrxw
1480,Made of Honor,XFQN3biQ4x8
1481,Iron Man,8ugaeA-nMTc
1482,Taken,XK9zL0ze9O4
1483,27 Dresses,J9DzAjOe7sY
1484,Good Luck Chuck,Mfd-BbBsGM4
1485,Resident Evil: Extinction,eDMjVARsCOk
1486,Harry Potter and the Order of the Phoenix,LLAaW1EgyY8
1487,Transformers,itnqEauWQZM
1488,Pirates of the Caribbean: At World's End,HKSZtp_OGHY
1489,Spider-Man III,e5wUilOeOmg
1490,Sunshine,FetfR0vQvd4
1491,Ghost Rider,nu6R7ypaz5g
1492,Night at the Museum,Ltba1_-tRT4
1493,Pirates of the Caribbean: Dead Man's Chest,SNA-Ezahmok
1494,Superman Returns,bRqAUqAFhNw
1495,Cars,W_H7_tDHFE8
1496,The Fast and the Furious: Tokyo Drift,p8HQ2JLlc4E
1497,The Da Vinci Code,5sU9MT8829k
1498,Just My Luck,rkJInkePtOY
1499,Mission: Impossible III,4oVva0muTE8
1500,Underworld: Evolution,cCtm8L4PQt8
1501,King and the Clown,JfGpTWM-TNk
1502,Harry Potter and the Goblet of Fire,80kuiBq95So
1503,Transporter 2,_KFOYFBh2QM
1504,xXx: State of the Union,78GqdG56y2w
1505,Constantine,DEa508Xmmio
1506,Bridget Jones: The Edge of Reason,2DFQNPx5sxA
1507,Resident Evil: Apocalypse,nzF3yoF7N_E
1508,Exorcist: The Beginning,GJ5fH-iX_Wg
1509,Catwoman,vFSLz4elnTE
1510,Spider-Man II,1s9Yln0YwCw
1511,Harry Potter and the Prisoner of Azkaban,VwErvYgoH70
1512,Mean Girls,fFtdbEgnUOk
1513,The Punisher,s4QV6OZdmWY
1514,13 Going on 30,_pmFp2W65Fs
1515,50 First Dates,17KJk3ErIx0
1516,The Lord of the Rings: The Return of the King,r5X-hFf6Bwo
1517,Love Actually,r3mJrSA1x5s
1518,S.W.A.T.,7IoGHLXWs28
1519,Pirates of the Caribbean: The Curse of the Black Pearl,naQr0uTrH_s
1520,Charlie's Angels: Full Throttle,e5U6YKaVi1Q
1521,2 Fast 2 Furious,F_VIM03DXWI
1522,Daddy Day Care,Ote1u_as5CA
1523,Johnny English,-Qv6p6pTz5I
1524,Final Destination 2,-GVSCfT5f6M
1525,The Lord of the Rings: The Two Towers,LbfMDwc4azU
1526,Catch Me If You Can,s-7pyIxz8Qg
1527,Harry Potter and the Chamber of Secrets,nE11U5iBnH0
1528,The Transporter,7FnbLyv2oio
1529,xXx,NgPdDDzVhkA
1530,Men in Black II,DMHlNR6x2Sw
1531,The Bourne Identity,FpKaB5dvQ4g
1532,Spider-Man,62bIsvRcPv0
1533,Resident Evil,SJPu1spHqfk
1534,The Lord of the Rings: The Fellowship of the Ring,V75dMMIW2B4
1535,The Fast and the Furious,2TAOizOnNPo
1536,Bridget Jones's Diary,xjlKnDWZYzc
1537,Almost Famous,aQXh_AaJXaM
1538,Mission: Impossible II,hSPtsCQq52k
1539,Final Destination,UWMzKXsY9A4
1540,There's Something About Mary,503D8hOfE_8
1541,The Truman Show,dlnmQbPGuls
1542,Titanic,kVrqfYjkTdQ
1543,Men in Black,UxUTTrU6PA4
1544,Mission: Impossible,wb49-oV0F78
1545,Beverly Hills Cop III,DbP7Ptyr1sA
1546,Sleepless in Seattle,ahI9LaOGYcE
1547,Grave of the Fireflies,lhlh7JVcTt8
1548,Snow White and the Seven Dwarfs,5fzZFQBXSLM
1549,Last Samurai Standing,eLfE-WiHAWU
1550,Tee Yai: Born to Be Bad,DlPR3FMvjME
1551,The Manipulated,cXPDFkuLfhs
1552,Robin Hood,SDfWMSNQEJc
1553,The Rats: A Witcher Tale,PlMgL2q1j1M
1554,Disney Twisted-Wonderland: The Animation,ln2sbYZzG6E
1555,In The Name of Loyalty,yKQUugb56gQ
1556,Blood River,A8eoeoUli5I
1557,Good News,YkyzNk-UJ4o
1558,Icefall,NBSOfRsn_bs
1559,Ballad of a Small Player,z1B5W55TFyo
1560,Splinter Cell: Deathwatch,4A9iFjaKeMk
1561,Everybody Loves Me When I'm Dead,0ozdviWT-dc
1562,The Last Frontier,Y_O7puXja-E
1563,9-1-1: Nashville,U8xkjM0YTgc
1564,Boots,2mjN2f5tu2s
1565,New Tokyo Water Police,NlO4NnBqzfo
1566,Coyotes,PmMfrJ3Gw44
1567,Play Dirty,6paP2-ry-QY
1568,All the Devils Are Here,FK_FYtYDOmU
1569,No Mercy,XJ2ieDJutl8
1570,Prisoner of War,ryzkG4d7kDw
1571,London Calling,oQ6bh2IHmzc
1572,Black Rabbit,ueNsPJgWNAg
1573,Code 3,-50VY-scZaw
1574,Confidence Queen,ZbXsuPmmbaE
1575,Bad Man,YANpXDvWF6I
1576,Stolen Girl,V4bQuYwFtOQ
1577,The Cut,pJjPBTC0ypU
1578,The Toxic Avenger,A4I58Spqmfw
1579,Caught Stealing,6mIvD-GN-p4
1580,One Wacky Summer,araGhvv2IDg
1581,Trust,UgalwGXCAFs
1582,Relay,W1wJEcdb8Vc
1583,Hostage,q20_wbeiVG8
1584,Luminosity Behind the Palace,5OW7n_ju7Cc
1585,Eenie Meanie,epMPS9Mi8ZI
1586,Afterburn,-44nQPX34D0
1587,Americana,ulZoLec80fs
1588,Night Always Comes,Gd44vTsTUhs
1589,In the Mud,LPnl8PFKErs
1590,Butterfly,RBmyiyZba3s
1591,Alien: Earth,ZbsiKjVAV28
1592,Hostile Takeover,zie6QBbTK5s
1593,Eyes of Wakanda,ODHh6oe4MlE
1594,She Rides Shotgun,U9OkHjOnQPg
1595,Red Sonja,-Oqql6RErHc
1596,The Pickup,YIcga73lPFE
1597,Nine Yin True Sutra,ZJQLihFoXLA
1598,Osiris,NX8xhgrMvdc
1599,Trigger,2JUx8MqpRuM
1600,I Kill U,KCOfvho9A_s
1601,Wall to Wall,4lLVWhg-_ic
1602,Low Life,0JgURXn5aAE
1603,Returned Master,B6_-mARamRQ
1604,Scooped Up by an S-Rank Adventurer!,6LMxRw0PoPo
1605,Ziam,ATjGbAL8hWg
1606,The Gringo Hunters,9pbFEzMiXg8
1607,Ballard,9nKRJGXgK0Q
1608,CITY THE ANIMATION,ldLdilBkwVg
1609,Homeland Guardian,GVPs-SytCG4
1610,Destiny Switch,qI-fxJM8rSM
1611,Heads of State,8J646zM7UM8
1612,The Old Guard 2,lyivgZ074PY
1613,Off the Grid,c3WkhVLqKaI
1614,Ice Road: Vengeance,K6lJh9ADfbQ
1615,Paradise,tCObCpYScdE
1616,Undercover Police,KjoTXuTJO-U
1617,KPop Demon Hunters,3JTVQTk36R8
1618,Qingchuan's Veil of Vengeance,PlC4jh9Z3hg
1619,Diablo,ANKPsCTh0Og
1620,Abyss Dweller,afURdWagGu0
1621,Mercy for None,GV6IZ14FZX8
1622,Predator: Killer of Killers,fbddYji1F8s
1623,K.O.,7ECPKBH88No
1624,Deep Cover,1x--MaHsbEc
1625,Good Boy,q4-CRkd_74g
1626,Tornado,JCW7OoSp0bI
1627,ONE: High School Heroes,fVRXaS0G8go
1628,Mad Unicorn,JZM6u_jAT44
1629,The Last GunFight,L59gbXYYOAA
1630,Tin Soldier,laM8IWKbSCo
1631,Shark: The Storm,IgtOEO3VQXc
1632,Guns Up,em64F7k27ws
1633,Duster,pgPZ3086glA
1634,A Love Never Lost,VAcoRixu4Rg
1635,Prism Breaker,QvGQ4_n2p0I
1636,Last Bullet,r2u9GifyDg0
1637,Into the Heat,1O3iRdiplB0
1638,The Old Way,eWakq9qQ6Ik
1639,Contenders,oKM5Qq-ZuLM
1640,Suspect: The Shooting of Jean Charles de Menezes,_EYJ0JzEiag
1641,Exterritorial,tlLsFEDHtWs
1642,Havoc,6txjTWLoSc8
1643,Bullet Train Explosion,bYopWaT8Sr0
1644,Hallow Road,DXGL49DpjJo
1645,Organ Child,VcdStJlFgT8
1646,Missing Persons Investigation Unit: The Missing Truth,zue9QMCBeSU
1647,Gunslingers,G4hVWe4GOrk
1648,California King,c6x3AT91-T0
1649,The Mystery of the Silk,0CKlxEIoTDM
1650,Mobile Suit Gundam GQuuuuuuX,LnMIaFV4q6M
1651,Warfare,JER0Fkyy3tw
1652,#COMPASS2.0 ANIMATION PROJECT,PBjiuKCh-zM
1653,Ain't This a B,81k8dLfCM1k
1654,A Line of Fire,H3nT838DEno
1655,Freaky Tales,-2e8SYmofZM
1656,The Bondsman,rCUH9mBeLhY
1657,Fight or Flight,SdsHRpjfqEI
1658,Devil May Cry,OlEqHXRrcpc
1659,The Beginning After the End,LwCJhJbpg4Q
1660,MobLand,qKGgw7Ob5f4
1661,Day of Reckoning,tZaje_sh97A
1662,Carjackers,dGG_KyndrWU
1663,This City Is Ours,9irsgS7DEUI
1664,Watch Your Back,pqFaCwvE0eU
1665,Batman Ninja vs. Yakuza League,QleeDtH_WWE
1666,Strange Memories,3L_8GJG8HHM
1667,The Hunt Down,QepvIm_-NHQ
1668,The Alto Knights,1aayuOp0AnE
1669,High Rollers,Zs86yizaXps
1670,Bleed for Past,xx5393tl6v4
1671,Dope Thief,RePjWY4ESyQ
1672,The Art of Negotiation,7HyFo16Murc
1673,Marching Powder,VPZ4NY-HKP8
1674,Armed,bVhT5VdT9v0
1675,In the Lost Lands,CMyrp5Vk3mU
1676,Riff Raff,ChN_VoZ2sZ0
1677,Love and Sword,cwHdEKp5SPg
1678,Demon City,q-djvN7i5us
1679,A Thousand Blows,R1qLe_Fzx9U
1680,Undercover High School,AsF2LlZzth0
1681,Good Cop/Bad Cop,h1X1r51Ebqg
1682,Cleaner,riYfm44dfAM
1683,Trillion Game the Movie,j6WQ64k4v-k
1684,Spy Puzzle,Cm3wm2Xu2OU
1685,The Gorge,rUSdnuOLebE
1686,Tiger Squad,1Z6u8hg9MYU
1687,The Witcher: Sirens of the Deep,PYzqa1CDTik
1688,Love Hurts,frYVyUDIwiE
1689,Unrelenting Drug Interdiction,ufhJd8heWao
1690,Extras for Chasing The Dragon,_tYobifYV58
1691,New Dragon Gate Inn,ugGk38dU3T4
1692,Anti Drug Operations,pRAxj2QJfS8
1693,Money Games,UvXeSX57rAo
1694,Legends of the Condor Heroes: The Gallants,uyIPBAmY1hY
1695,Inheritance,3q7JOLZxjqY
1696,Sunray: Fallen Soldier,fB3eiL5laBo
1697,Dog Man,QaJbAennB_Q
1698,Invincible Swordsman,CITlJ-n7HcQ
1699,Into the Deep,aXBb3Ymc34Y
1700,The Legend of the Condor Heroes: The Great Hero,uyIPBAmY1hY
1701,Sniper: The Last Stand,YSwYhvG0Hy4
1702,William Tell,1B_YB3caN80
1703,Back in Action,MV2nYw6gL_w
1704,Muromachi Burai,eB_ftdWeviI
1705,Henry Danger: The Movie,Rcc9veq0JgM
1706,Alarum,_6dlIjZjFq4
1707,Star Trek: Section 31,63k1Otp9qtM
1708,SAKAMOTO DAYS,9TbmxbckSjE
1709,In the Line of Duty,yGm37Vr9Fcw
1710,Bodyguard 3,qdk8BgEv8Oo
1711,Ad Vitam,gMmF9uWqzK8
1712,Farmagia,XMlVgNeNp9k
1713,Den of Thieves 2: Pantera,1kmjAnvFw3I
1714,The Savior of the World,aAWxod6ok90
1715,EVIL OF THE RAT,z2B3i3e_y00
1716,Bleed For Justice,gpQXF_h22m8
1717,Brotherhood of Blades: Exterminate Evil,gZptW5EM4ds
1718,Whispers of Betrayal: The Drug Underworld,sF3TgZS3ZbQ
1719,Old Guy,vAGp4TkTbAE
1720,Cells at Work!,1xgodAOKWM8
1721,Get Fast,f-OclX1PWhc
1722,Dirty Angels,YBwoSa3n8Yc
1723,The Lord of the Rings: The War of the Rohirrim,gCUg6Td5fgQ
1724,The Prosecutor,FegEdtV8Ptc
1725,I Am What I Am 2,vtGBetVhE9A
1726,The Six Triple Eight,7Thq-SBtukg
1727,Mary,d74vHvsACSs
1728,Striking Rescue,uXfzJb-IUrk
1729,Jentry Chau vs the Underworld,EHYcymIQ7xo
1730,The Order,pPZaOB4ea-0
1731,Creature Commandos,vvG7OoCpPGg
1732,One Win,eLfs59k8Jdc
1733,Werewolves,iAAUDfGSdqs
1734,In Youth We Trust,TZReAPVbIds
1735,We Are Criminal Police,Ig9BcW7gXvE
1736,The Land of Warriors,9RIMJoTwsyw
1737,Later I Laughed,kQUPdVxZNPk
1738,Found & Lost,IrTRFiQMA0w
1739,The Heart Killers,jfagnr691kE
1740,This Hero is a Bit Timid,e_Qu1BH6Hjc
1741,GTMAX,Zs0uKHrVRws
1742,Jake Paul vs. Mike Tyson,eyymxGQuv3o
1743,The Cage,ITRAoWpYh4M
1744,Attack on Titan: THE LAST ATTACK,3xNH23QkNpk
1745,Elevation,kt0V2rpEouE
1746,The Enigma of Arrival,FP3hrAKyED4
1747,Freedom,vvOGbO0E-Rw
1748,11 Rebels,7-nUeY5z2Fs
1749,Absolution,ReZetOuczXo
1750,Armor,402_wx35uq8
1751,Cesium Fallout,-qe4rAoAyOg
1752,Territory,jVjNE5O89PE
1753,Helpless,HeMYsTS4JKU
1754,The Killers,A5z_-fFjc1w
1755,Duel of Shadows,Mv7mIOrVA3w
1756,Cứu Rỗi Thời Không,odIqrGFJrVI
1757,Family Pack,bqd702kNnRk
1758,Fangs & Fury,N9ZCWryphfs
1759,The Bodyguard,tLfLU6-9lxY
1760,Dirty Money,CsplLiZHbj0
1761,Dominique,mQqxeHdP5bg
1762,Mafia Wars,IPIFAOrpkLk
1763,Citadel: Diana,S7AErSAxxJ8
1764,Canary Black,tSaw2HTVSsA
1765,Terrifier 3,tk2mkXHN2G8
1766,Take Cover,Ol475b54NcY
1767,The Silent Hour,zyREPrVRkoI
1768,Uprising,TqfaCAA1UeE
1769,Panda Plan,ksls6lIiSPg
1770,The Volunteers: The Battle of Life and Death,3X7grhv3Hr0
1771,Lucky Star,eOQIo9RpRmw
1772,SWAT: Angels in Mission,0A4NZMoSi8I
1773,Blade of Fury,o6_uNCAwJzs
1774,Azrael: Angel of Death,-kKSxFDcwKw
1775,Bangkok Breaking: Heaven and Hell,SrswRTLrrOw
1776,Kill 'em All 2,LrZ9L2K23cw
1777,100 Yards,b3tmP2ugpis
1778,Long Gone Heroes,JJwfRyC2m0U
1779,Classified,svevSFpfr5o
1780,Bat War,oJCj0ohq-BE
1781,Twilight of the Gods,xyFKgPpdYdc
1782,Dead Money,pVP2KMrq0qI
1783,A Love Story of Assassin,4jRFLFZgsoI
1784,The Clean Up Crew,xzmDx9YXLGA
1785,Tide,TOOoDf1Gttc
1786,Uglies,OhcOHkgTrQQ
1787,The Killer's Game,ZHK6WghyWGY
1788,Star Abyss,tmF1inI-Img
1789,Seoul Busters,FTdVfEH0_RE
1790,Monkey King Fight Lion Camel,Lhl0nreAQSQ
1791,Kidnap,l2DP5I5HO_k
1792,Out Come the Wolves,Kve4hZ_DYOA
1793,1992,CyrVTcTi7aE
1794,Hounds of War,J2e4Hy0TCpM
1796,Rebel Ridge,gF3gZicntIw
1797,Adventure Behind the Bronze Door,I3IWyH-Z_Hs
1798,Alien: Rubicon,DM06mVKgU2I
1799,Stream,g26DsFt2snY
1800,Sujo,p_7o6VEzNE4
1801,Nice Girls,-CukMZfcA58
1802,12 to Midnight,bN6J5GwQxlU
1803,Gunner,0PEOojf2ghQ
1804,The Death Game,4y0isqzD31Q
1805,GATAO: Like Father Like Son,pf-SU023_i8
1806,The Union,vea9SdnRMyg
1807,Second Life,rIvaGLegqQQ
1808,Jackpot!,IW7pIYtpp50
1809,Perfect Family,P5JxL3-Om3k
1810,The Tyrant,WHlLZvlDGvU
1811,Mana Man,6AmyiFNt0CI
1812,Mission: Cross,hKYZrznkYZ0
1813,My Hero Academia: You're Next,22hBq1cvemE
1814,Duchess,Z65PPdXhmn4
1815,Operation Undead,V1iYqTCubcg
1816,To Live Through Death,NfFnxYywqZY
1817,Largo Winch 3,cC1H-RI1E5w
1818,No Way Out: The Roulette,O0BrYMhE2Tk
1819,Nezha: Demon Child is Back,nmwIzOZ44Os
1820,Time Bandits,BCA9jpc4R74
1821,Lost You Found You,HCAcq5CCivo
1822,Run for Money: Tokyo Mission,x7ABTbE_oyM
1823,My Spy The Eternal City,6xJ1F7yFsnU
1824,Justice League: Crisis on Infinite Earths Part Three,tQ3Aahb_PDE
1825,Kinnikuman: Perfect Origin,qRmDi8Yw3Vc
1826,Why Does Nobody Remember Me in This World?,jr9gYK_QToI
1827,Kingdom 4: Return of the Great General,IfsFNk2EUpg
1828,Bye-Bye Earth,8i2m7ORFFpU
1829,Sausage Party: Foodtopia,JrmC2uJXsMM
1830,Project Silence,b57d2kj1gUA
1831,Twisters,wdok0rZdmx4
1832,Angels Fallen: Warriors of Peace,wzFnfR3lats
1833,A Journey Through Another World: Raising Kids While Adventuring,p-HTedw05cc
1834,Wistoria: Wand and Sword,57OL0uTIBVg
1835,Boneyard,GS5OoPsRkKs
1836,Failure Frame: I Became The Strongest And Annihilated Everything With Low-Level Spells,2yYyOnugFLc
1837,A Legend,jsAPatRKvnc
1838,I Parry Everything,J-ZqbLMlPdU
1839,Escape,5pY_2ZIux9Q
1840,The Strongest Magician In The Demon Lord's Army Was A Human,14QUNKO5lRU
1841,Elyas,c8gZGYoimi4
1842,Red Swan,K2XxhormXCA
1843,The Count of Monte Cristo,8Q6y1waxlTY
1844,Customs Frontline,NhSN9INBhHE
1845,Suicide Squad Isekai,lsLAMV7lQX4
1846,Paradox Effect,vDHccD_L6Wk
1847,Supacell,Frmk94Etedo
1848,Lost In Tomb,55Dpw7HuAMk
1849,Sniper Elite: Nano Crisis,VAlTJ0Zbivg
1850,Dark Forest,N1WtJ85zVzE
1851,Thelma,B0NlEIXbjcw
1852,Agent Recon,X3qvuTsxmiQ
1853,Beverly Hills Cop: Alex F,KoxhkE_U3Ww
1854,The Infallibles,-MtD5NDgsAI
1855,Trigger Warning,MnHTLh6ruW0
1856,Heart of War Moment,v1WgK6QNJgE
1857,Ultraman: Rising,TwXgOMDONK8
1858,Life After Fighting,KMdiYlC_cA8
1859,McVeigh,2MYKHos_kTA
1860,Curbing Violence,fhR6DkPAdq4
1861,Jungle Chase,kgqaWkWyHek
1862,Baki Hanma VS. Kengan Ashura,-aODxjsyIIg
1863,Under Paris,jnCefPQIH98
1864,How to Rob a Bank,ORxw68y3lyw
1865,Art of Diversion,qQW6jb3HY6E
1866,Revolutionize The World,62bIsvRcPv0
1867,Desperate Sniper,cCMVbqIjMSY
1868,High School Return of a Gangster,c5o74dSF8AM
1869,Lost But Win,AhxGObicnPs
1870,Three Old Boys,zHT-Ua6x_-4
1871,Jurassic World: Chaos Theory,ftbjh-3OsuA
1872,Atlas,Jokpt_LJpbw
1873,Law-less,HibcC7w5l1g
1874,Doctor Who,8NXTgEw05Tk
1875,Darkness of Man,nCyVDVP7eoA
1876,The Atypical Family,CotipI30Bx8
1877,Chief of Station,Krsu0mazuZ4
1878,Fights Break Sphere 3,2IlTPFLC1bo
1879,Impulse,OdKCzhU7kQI
1880,The Zombies,jpsPEn4UtLk
1881,Cash Out,HvreijzlHD0
1882,Boy Kills World,tztCsUyiQv8
1883,City Hunter,G20m5NTAVAE
1884,Justice League: Crisis on Infinite Earths - Part Two,w6jtfmXziNQ
1885,Firewire Sniper,D46o4pBExs0
1886,Brotherhood of Blades 3,1s5nz7sH670
1887,Blue Lock: Episode Nagi,6NCsj0anAt8
1888,Rebel Moon - Part Two: The Scargiver,UEJuNHOd8Dw
1889,The Ministry of Ungentlemanly Warfare,zvwDen1Wrx8
1890,The New Gate,3J0aWdRbRyY
1891,Monster #8,V0OZWzTAqHg
1892,Dragonkeeper,cAmgRYAEEZU
1893,Civil War,aDyQxtg0V2w
1894,Unnamed Memory,WlEu1DHpXZ4
1895,Go! Go! Loser Ranger!,oHLgsVxEueQ
1896,Mother Father Sister Brother Frank,Qi9WLs1zPZQ
1897,Wind Breaker,KQMvKS5TK5g
1898,Spice and Wolf: Merchant Meets the Wise Wolf,uwSlxMysVYE
1899,Extreme Speed Police: The War on Drugs,BLXMJhhTCAI
1900,The Wages of Fear,9SX-jF6dTPU
1901,Sianviathan,0p1QKkoYo7w
1902,Holy Punch,1HPffmERzVU
1903,Art of War,rKFmSpB-uGQ
1904,Prey,wZ7LytagKlc
1905,The Monster Is Coming,aujutlFgPJA
1906,Road House,Y0ZsLudtfjI
1907,Damsel,iM150ZWovZM
1908,Cruel War,o3R8Yn5woLw
1909,Special Raid: Awaken,vDinsr0zyBg
1910,The Wild Blade of Strangers,WE9A--nEfNY
1911,The Completely Made-Up Adventures of Dick Turpin,kq5TmH7Np1M
1912,Snow White and the 7 Samurai,7UV3qLv2ZDI
1913,Combat Wombat: Back 2 Back,05TgGOgdfCU
1914,Strange Things in Western Hunan,9JJs12sWaYI
1915,Crime List,aqkqF--v1tg
1916,Code 8: Part II,omBi2KxEcRk
1917,Avatar: The Last Airbender,ByAn8DF8Ykk
1918,Lights Out,6LiKKFZyhRU
1919,Madame Web,s_76M4c4LTo
1920,Hunt the Wicked,4xkxRFjP0t0
1921,Ninja Kamui,phzYW8uo6JM
1922,YOLO,FDLphyA2wDQ
1923,Air Force One Down,0cWBaR8JW6M
1924,Pattaya Heat,fKbTLAjwdkQ
1925,The Moon Thieves,kSQcnQ1iiRI
1926,Breaking and Re-entering,tBlCEQ0uXX0
1927,Mr. & Mrs. Smith,CZ0B22z22pI
1928,Land of Bad,yTFazxfrXVw
1929,Badland Hunters,hKbo-ZKdSqw
1930,Crypto Storm,ofvB3LzVHAM
1931,Rob N Roll,TvDG4Gef0zQ
1932,Long Time No Sex,vh7yeXuY59w
1933,Chinatown Cha Cha,x5aMBEIdkK8
1934,No Way Up,PSEoAaSswgo
1935,Sword and Fairy 4,WXJu1aho5oI
1936,The Night They Came Home,p2zC-lM5IU4
1937,Sengoku Youko,tngYpLVVmwY
1938,The Story of Yuan Tiangang,5NnH2yWQNq8
1939,Windmill,FIHpfivxayY
1940,Alienoid: Return to the Future,t-I68Bn7Ce0
1941,Lift,m2L-Sa_6MU0
1942,Echo,AFUKnherhuw
1943,One More Shot,W1kCbtjPJ2U
1944,GREAT PRETENDER ,-1NvtV2-Olw
1945,Justice League: Crisis on Infinite Earths - Part One,Gx2srhhtB_c
1946,Solo Leveling,I6JIwjWOhnQ
1947,Delicious in Dungeon,n5JEoD7keVo
1948,The Brothers Sun,oU8f8QrUCOM
1949,Self Reliance,Ocw_fVdr4_g
1950,I Did My Way,ZKnE7qLddvg
1951,Fights Break Sphere 2,2Mcf5Q3y-YU
1952,Noryang Deadly Sea,HPRkiVU39I4
1953,Sixty Minutes,uiyZW82Rxf8
1954,Percy Jackson and the Olympians,yT1ng2tiwLA
1955,Skull Island,FEGNZETcuAk
1956,The Battle for Justice,1laM72Co0oM
1957,Wolf Hiding,VIdvlTnsCw4
1958,Rebel Moon - Part One: A Child of Fire,fhr3MzT6exg
1959,Yu Yu Hakusho,Q-xbLSKZUck
1960,Role Play,Bv67rkuWoMg
1961,The Family Plan,ns8weNznn1Y
1962,The Bricklayer,zC96qykLTdQ
1963,The Three Musketeers - Part II: Milady,zzXPjLAWswQ
1964,Ban Drugs,KPuXJ07sP3g
1965,Fast Charlie,kEjexRdeuo0
1966,Bursting Point,iNHYZsgBy4A
1967,Merry Little Batman,9PeJn8vca98
1968,Analog Squad,RoCvRMcfCPw
1969,Migration,cQfo0HJhCnE
1970,Obliterated,6MNfBHFhnNs
1971,Silent Night,yBnTqn0lBDA
1972,4 Kings 2,1AuAphj2F4w
1973,The Bad Guys: A Very Bad Holiday,28qvBwqma2c
1974,Due Justice,vOpcwqxNVXQ
1975,Trunk: Locked In,DfHeq3qVBoE
1976,My Daemon,0j9no_Eke4s
1977,Kubi,hKt9jmxTbuQ
1978,Sniper 3: Dawn,PkGGLnOJ29w
1979,Exquisite Bodyguard,uXMa65HRrQg
1980,Scott Pilgrim Takes Off,SWGSLxqy4Ms
1981,Fights Break Sphere,CtVqbVftFdI
1982,Scrublands,4JhliV3kh9Y
1983,Monarch: Legacy of Monsters,JLHsM4bpfxY
1984,The Wild,R27X1OAI93A
1985,Quick Counterattack,mKgr6kQyblQ
1986,The Dirty South,hin7Q8ZBT7A
1987,The X-Treme Riders,7aoDd5iIeFU
1988,Showdown at the Grand,dLSr-ir9vlc
1989,Godzilla Minus One,nAYKaslCXPc
1990,Unicorn Academy,mkEA_y_cQD4
1991,Wingwomen,sKYasH95dak
1992,Locked In,y6a3yXfMEJg
1993,Boudica: Queen of War,UZNmDKJz41g
1994,The Killer,zgNOS5ofQhw
1995,Knuckle Girl,75VNJ1f9w78
1996,Pain Hustlers,HbPeXsdamT4
1997,Desperation Road,OmkL_cu_qw0
1998,Jigen Daisuke,UD13qp8-LfE
1999,Mantra Warrior: The Legend of The Eight Moons,-fjmZ45mj0U
2000,Tomb Keeper,oW3D3sjp6lA
2001,The Settlers,rdy--tzaUeo
2002,The Pig the Snake and the Pigeon,tFyzEsPcyrg
2003,Freelance,BrqWlOzm2Iw
2004,Ballerina,0FSwsrFpkbw
2005,SHY,5L8intrDcM0
2006,Tiger And Crane,T0AyoXRM5I0
2007,Shangri-La Frontier,sS-KMGIehHU
2008,Moscow Mission,BgJObRkCupE
2009,Frieren: Beyond Journey's End,Iwr1aLEDpe4
2010,Under the Light,eXgV8MBlpAM
2011,Gen V,mmkLMXN_lpI
2012,The Creator,ex3C1-5Dhb8
2013,Dogman,146BVPE12SI
2014,The League of Gods: The Dagger of Kill Celestial Being,qDx1xFwbVzY
2015,Sniper: G.R.I.T. - Global Response & Intelligence Team,AAT4TCet1KQ
2016,The Continental,y3FzXBkCUAg
2017,PAW Patrol: The Mighty Movie,UDgjJ9XzgHk
2018,Dead Silence,8b_HVtHmK30
2019,Outlaw Johnny Black,OtN_CAfcYVo
2020,Han River Police,7Qyd86WD9oo
2021,The Walking Dead: Daryl Dixon,iTOaFootkSk
2022,Di Renjie Secret Soldier Borrows the Road,jIqvL1FHlyg
2023,The Book and the Sword,DztxMx6fg2Y
2024,Mad Cats,ZIrnzQZe6hw
2025,King of Killers,_JXRDQw7EMw
2026,ONE PIECE,Ades3pQbeh8
2027,The Squad: Home Run,HHV6MmIKohY
2028,MR-9: Do or Die,hyNlFqaEzWw
2029,Mojave Diamonds,QZ_fwgBQ7u0
2030,Huang Miao Village's Tales of Mystery,teWWHDjpMGM
2031,The Retirement Plan,i2Xc4qq-5Ww
2032,Retribution,jzQn0-WH4WM
2033,Ahsoka,J_1EXWNETiI
2034,Dead Shot,fdHA-nZS5Cw
2035,Blue Beetle,vS3_72Gb-bI
2036,A Man of Reason,M2g7GYcMHcQ
2037,Kill Shot,rfTXkogT5Bs
2038,3 Days in Malay,jZ7K2Zcm0v4
2039,The Shepherd,o3-5U1I-wRk
2040,Gran Turismo,GVPzGBvPrzw
2041,The Seven Deadly Sins: Grudge of Edinburgh Part 2,mKaW3Rgat7I
2042,No More Bets,-4x7bVqclYY
2043,Endless Battle,jQJKsFxLYLA
2044,The Collective,5UbiOLp-FsA
2045,Mob Land,qKGgw7Ob5f4
2046,Zom 100: Bucket List of the Dead,yhbWaJaYDiY
2047,Crocodile Island,FLdKm28F8_M
2048,Teenage Mutant Ninja Turtles Mutant Mayhem,IHvzw4Ibuho
2049,Kingdom 3: The Flame of Destiny,6zSB5_x1pSE
2050,The Baker,fu8EOHjOgiY
2051,Twisted Metal,98qKqfBP6OA
2052,Smugglers,ruCpNQBGXe0
2053,Narcotics Heroes,O6L3Ni8FyRo
2054,Justice League: Warworld,IPDLodUE9gg
2055,Lost You Forever,HCAcq5CCivo
2056,Detrimental,d7ST5yh89hE
2057,Lioness,3axWgmlwnl4
2058,The Thousand Faces of Feijia,CO5OG6yifAs
2059,The Comeback ,srylFPYRcQw
2060,Forbidden Zone,_VkkqGe8lEg
2061,Sympathy for the Devil,ap8IKdWWHWw
2062,League of Gods: Zhou Destruction,-qfIJT08_EU
2063,Creation of the Gods I: Kingdom of Storms,0ucTl-cxIjc
2064,League of Gods: The Fall of Sheng,zzhcNEwfa10
2065,The Channel,kt4eCdrwk04
2066,Fight Against Evil 2,2k6SFJcZX9w
2067,The Out-Laws,R8xepj9wpi4
2068,Rurouni Kenshin,f8cFqHeUVMs
2069,My Adventures with Superman,nI9uUv6AdoY
2070,Never Say Never,EdE5EgL4_3Q
2071,The White Storm 3: Heaven or Hell,_5yAxJIOAIU
2072,My Worst Neighbor,wFmNqUimgag
2073,Fireworks Of My Heart,8wfvDOe1gz0
2074,Sound of Freedom,Rt0kp4VW1cI
2075,Warhorse One,awpDl9eB6Tg
2076,Indiana Jones and the Dial of Destiny,eQfMbSe7F2g
2077,Nimona,f_fuHRyQbOc
2078,God Is a Bullet,PNBmG5kZ5fw
2079,Resident Evil: Death Island,L-vkuA8oqMY
2080,Secret Invasion,Tp_YZNqNBhw
2081,The Walking Dead: Dead City,cctvSNDaaYs
2082,Black Clover: Sword of the Wizard King,PrgxJ1_sUcs
2083,Pretty Guardian Sailor Moon Cosmos the Movie Part 1,hvXLshBXA50
2084,Bloodhounds,eyiR8pO50JE
2085,97 Minutes,1t6Zq53VR5w
2086,Extraction 2,Y274jZs5s7s
2087,Blades of the Guardians,pqaJDmeihoA
2088,LEGO Ninjago: Dragons Rising,PQuEPw9Z71U
2089,The Roundup: No Way Out,PmqABHW0qfc
2090,The Wrath of Becky,Q-RnvQACrH0
2091,Super Daddy,QESfUGaDg4s
2092,The Machine,AwDKLEaJxMk
2093,FUBAR,PS_1kaKpiCI
2094,Kandahar,WHs6z9RPGtA
2095,The Beast in the River,V0hYDXYJCyg
2096,Hard Days,VwPZ8wCl4Ro
2097,Assault on Hill 400,hkmQUshK31w
2098,Crater,tR1g1g3cGpc
2099,One Ranger,zD4UrHqPp9U
2100,Fantasy Magician 2,iBg2ll_Z5rs
2101,AKA,044PUmZQd1g
2102,Polite Society,TRFM7HQmkH0
2103,Citadel,MBOhKd6cIak
2104,Knights of the Zodiac,Sko0o_KoBHY
2105,Justice League x RWBY: Super Heroes & Huntsmen Part One,6fKpdtyoLJE
2106,Blood & Gold,eDsrUYd2VbE
2107,Peter Pan & Wendy,9Ji5U2sTlLU
2108,Lupin the 3rd vs. Cat's Eye,kIqZBlVAXfA
2109,Mighty Morphin Power Rangers: Once & Always,ZKE2DC7Xzog
2110,Guy Ritchie's The Covenant,02PPMPArNEQ
2111,Ghosted,IAdCsNtEuBU
2112,Ranking of Kings: The Treasure Chest of Courage,GtPVGjHrK0Q
2113,The Last Kingdom: Seven Kings Must Die,eqCYw_o5lng
2114,Mafia Mamma,e2UNT1pLP6g
2115,One-Percenter,BlaE3b7RQXE
2116,Stealer: The Treasure Keeper,X4dfvKABc7s
2117,The Antarctic Octopus,pSqUModpC5E
2118,Dead Mount Death Play,UV3X4lobn1w
2119,Detective Dee and Grand Canal Dragon,CyS-2ZyYTyw
2120,Mashle: Magic And Muscles,hxnl9nYl67k
2121,Ride On,NvjVFDMIbus
2122,KonoSuba: An Explosion on This Wonderful World!,b1_NJkmu8cs
2123,The Three Musketeers: D'Artagnan,dlVpDcXQqag
2124,The Aristocrat's Otherworldly Adventure: Serving Gods Who Go Too Far,my7JJX0ip2k
2125,Surrounded,h1PcWQcsQuE
2126,Hell's Paradise ,L_ijW94pD_0
2127,Shin Kamen Rider,WCSbh6nk4bs
2128,Double Threat,as3Whue8eAE
2129,Pandora: Beneath the Paradise,MeNIxilF-K0
2130,65,bHXejJq5vr0
2131,Creed III,AHmCH7iB_IM
2132,Assassin Club,90ccnyXujS0
2133,Ambush,6uzHNKqLk2w
2134,The Assassin,qnyyaHNqk0Y
2135,Die Hart the Movie,pGNv5-dyRKA
2136,Perfect Addiction,9sARLXyJZDU
2137,Legion Of Super-Heroes,DKNjOwuBDbo
2138,Thâm Hải Đại Ngư,S36B4WHrz-c
2139,The Last Deal,K9XAVk7OJsE
2140,Little Dixie,yqCk_HSBFOQ
2141,The Sea Monster,P-E-IGQCsPo
2142,Condor's Nest,3FnEO4ejy8w
2143,The King of Snipers,2Q1DvnDlxMY
2144,Detective Knight: Independence,zt-hyQE-sIA
2145,The Mob,FxE1kOCS5js
2146,The Point Men,MCjFhsp6gO4
2147,Teen Wolf: The Movie,1y3rflTTjeI
2148,Sakra,aHP_pyGtFIk
2149,Chasing the Dragon 2,D4Nmmj-J0YA
2150,Night Train,fF3XvjYoKoc
2151,Sniper: Vengeance,9E1SkxFhSP4
2152,Plane,M25zXBIUVr0
2153,Reborn to Master the Blade: From Hero-King to Extraordinary Squire,4plrn0BPAtk
2154,NieR:Automata Ver1.1a,u2HLShT1OW0
2155,Sugar Apple Fairy Tale,XD1SiIMJ-TQ
2156,The Iceblade Sorcerer Shall Rule The World,G3ddddTLxQM
2157,Gangnam Zombie,dnl_r9r2U8g
2158,Transfusion,FkjgZMSyB_I
2159,Operation Fortune: Ruse De Guerre,WdZ-BWWQcWQ
2160,Lop Nor Tomb,Q4auO4Na5Qo
2161,Love Of The Two Realms,-WXnKK1EoHY
2162,Shotgun Wedding,qNVwRHQL8jw
2163,Treason,tnZOg_zCYCI
2164,The Man from Toronto,urqy8DrcGBs
2165,Zombie Chickadee,6h7eGDA6mJc
2166,The Legend of Herring,rL9-YyvfNZY
2167,The Seven Deadly Sins Grudge of Edinburgh Part 1,hskfrLEkrxc
2168,Mystery of Muye: The Crimson Pearl,vkUB_IFJEAc
2169,High Heat,2oCeJHi-GlQ
2170,The Recruit,Hywe0zDSSSE
2171,Sonic Prime,cfbVUOyVeY0
2172,Never Let Me Go,sXiRZhDEo8A
2173,Detective Knight: Redemption,bXMbkKzvpHY
2174,The Heroic Quest of the Valiant Prince Ivandoe,WFYsDM0uFKk
2175,Violent Night,a53e4HHnx_s
2176,Battle for Saipan,N57ewbrPLAg
2177,Devotion,NCDEGP6VjYY
2178,The 4th Love Revolution,Y0FfJaCZefw
2179,Fire and Water: Making the Avatar Films,UZNNq9wv-qs
2180,Frankenstein,8aulMPhE12g
2181,Mary Kills People,ovQGAgQxRH4
2182,The 19th Medical Chart,12LW8klzpdg
2183,Road to Surgeon,z0KOkYokloM
2184,Lost in Starlight,VvMbyw_vIcA
2185,The Demon Hunter's Romance,FOUl1gSUwJc
2186,Marshmallow,-inj_RRu4aA
2187,Audrey's Children,K5RAw-YUWn8
2188,Ash,uvp2EYCXYwU
2189,O'Dessa,-YDQR6NUNYQ
2190,The Electric State,KpN98z8Kf5E
2191,Toxic Town,plrrbiM67L0
2192,1st Kiss,_pVJPPnZHhQ
2193,Love Me,B7prWpweShU
2194,Night of the Zoopocalypse,tLr51KDhZYA
2195,When the Stars Gossip,OkYT-T500AE
2196,2073,YDE97KrYDuU
2197,Reversi,whDRyoBL8JE
2198,Y2K,P4f9gCTLhYs
2199,Tokyo Override,q6yzKlWm2gc
2200,Joy,uR-2TiQVY-k
2201,Investigation Alien,bUjTGsbb3C4
2202,Die Alone,1c6fWvTEuTA
2203,V/H/S Beyond,uc6gBQA5WaQ
2204,Can I Get a Witness?,NHFg45dmfME
2205,Escape From The 21st Century,IkmP1aPiUns
2206,Uranus 2324,Y0q2b1o7zV4
2207,Wonderland,NFIRWIGxWl8
2208,Mutant,O-NBcDGCVxY
2209,Humane,V4b-OMLNWE0
2210,Arcadian,ag6yZIRX6EI
2211,Spaceman,rNZ0xKaCdus
2212,Out of My Mind,AvVxyoQQzFs
2213,Dragon Hunting King,7FvIXrEXEt4
2214,Galaxy of Horrors,fXgQpQG-GnE
2215,Poor Things,RlbR5N6veqw
2216,Evil Does Not Exist,zVY4lWfrbME
2217,Space Kids,zNxm_obDpNU
2218,Fingernails,mY-by4qPQpE
2219,The Kitchen,GgT5cEV5Qt0
2220,Foe,sAh-xgggcfI
2221,Totally Killer,5vYipYSDhtQ
2222,No One Will Save You,IcA02w6rm44
2223,Spy Kids: Armageddon,TuiRw0v3bAw
2224,Jules,6zeq0fYOqnE
2225,Concrete Utopia,57CJngvMoqg
2226,The Moon,gxMM6Ntv78A
2227,Unknown: Cave of Bones,D85B4rVcFtk
2228,Paradise,tCObCpYScdE
2229,Simulant,jIhLrs8sy4I
2230,Wild Isles,fOnUTAQFc6w
2231,Sorority Sisters from Space,Dek4yOWxlJs
2232,Cunk On Earth,Hm6AOHq9OL4
2233,Infinity Pool,PVnIMvVEkrA
2234,The Wandering Earth II,Yf3VreXwVpI
2235,The Polar Odyssey,1R-ws3K4-Nw
2236,The Guardians of the Galaxy Holiday Special,OYhFFQl4fLs
2237,Strange World,bKh2G73gCCs
2238,Batman and Superman: Battle of the Super Sons,2xeLibvJVIU
2239,One More Shot,W1kCbtjPJ2U
2240,Blank,NtbgZDQYXNg
2241,Meet Cute,ADrWgBntlEE
2242,Battlefield: Fall of The World,brS8l7f_E4A
2243,Margaux,3LJPT93_pLI
2244,Samaritan,9FKnTxSC16E
2245,The Lake,XpiKECv9Xbk
2246,Vesper,GWJ8tOFwGH8
2247,Secret Headquarters,rzKKCCQMqdI
2248,Warriors of Future,yVHo6OmSpFs
2249,Rise of the Teenage Mutant Ninja Turtles: The Movie,viDiinipw8A
2250,Dead Zone,525G6I2UO98
2251,DC League of Super-Pets,1jkw2JPCl18
2252,Alienoid,JaRLlh8Pw5A
2253,The Wolves,wLJUPjiRbAM
2254,Spiderhead,BfsNfFoA0J0
2255,Mad God,jas8OABbn0Y
2256,Dragon Ball Super: Super Hero,wHAaKXtfSOg
2257,Rising Boas in a Girl's School,8XuVV15HBdo
2258,Jurassic World: Dominion,fb5ELWi-ekk
2259,Jurassic Revival,xbRaxXkeSCA
2260,Crimes of the Future,xyCI741MqPY
2261,Green Lantern: Beware My Power,bjD3r8wPQQA
2262,Shin Ultraman,HzF4LS733OE
2263,Firestarter,59MJfJPP5eo
2264,Moonshot,oHqfe3LcOOE
2265,Choose or Die,7vUQYzZ_UZc
2266,Apollo 10½:  A Space Age Childhood,Dzuz5s_Qk-A
2267,Variation of Tyrannosaurus,qfcuhUQb8GA
2268,The Legend of Kunlun,wWe8b-msYzw
2269,Dual,CpZkNQ0E4YI
2270,The Adam Project,IE8HIsIrq4o
2271,The Red Sparrow,PmUL6wMpMWw
2272,After Yang,Kwp32zLc08c
2273,Doraemon the Movie: Nobita's Little Star Wars 2021,ScY-1wPvyNo
2274,The Mystery of Lop Nur,NV_tfAKMk3w
2275,AI Love You,kVlPF24TXsM
2276,Bubble,8pbWblLkHHk
2277,The In Between,MmGNg3nreDA
2278,Bigbug,N-sWlgFhUGo
2279,Ghost in the Shell: SAC_2045 Sustainable War,z3oX8EZ-oMU
2280,Swan Song,LxftqrrlSqc
2281,Don't Look Up,RbIxYm3mKzI
2282,The Warlord of the Sea,fANK1vHQ3jI
2283,Devil In Dune,qQtpvhnQi78
2284,Resident Evil: Welcome to Raccoon City,4q6UGCyHZCI
2285,Black Friday,M3H5Ye2BvUk
2286,Apex,kgv8jf_8dm0
2287,Finch,-0bYWnP3jH4
2288,Outlier,-ZroFg5EiLE
2289,Sword Art Online the Movie -Progressive- Aria of a Starless Night,mVlj_g8epGc
2290,Violet Evergarden Recollections,BUfSen2rYQs
2291,Sing a Bit of Harmony,PbfHnIW391Y
2292,The Laws of the Universe: The Age of Elohim,oLJAGbasrSE
2293,White Sky,U_Ywe4yMvM8
2294,Needle in a Timestack,2VfPClAsIpg
2295,Ron's Gone Wrong,8I8nMtzN05s
2296,Injustice,Co8529lF74Y
2297,Annular Eclipse,AH-sVDRIxig
2298,Squid Game,oqxAJKy0ii4
2299,Dune: Part One,n9xhJrPXop4
2300,Infinite,_WWEOCQGxSw
2301,Restart The Earth,eAOEHkyhIKw
2302,Zone 414,ylduTmHyMFk
2303,The Tomorrow War,2o_NCvnpQ58
2304,Mutation on Mars,csM2DZrodMI
2305,Tides / The Colony,NW4cMeUTs18
2306,Risen,OcTVLfn5i8g
2307,Reminiscence,_BggT--yxf0
2308,Free Guy,X2m-08cOAbc
2309,It's a Summer Film!,xM4PIqp0qQw
2310,My Hero Academia: World Heroes' Mission,ZclBluzAZVE
2311,Demonic,pvyPmbBpBWw
2312,Settlers,jeCcJCy0HzM
2313,Shark Lake,uU_ZvIup-3Y
2314,Belle,qbuiKcE5Poo
2315,Deep,CyEBaYYUroM
2316,Space Jam: A New Legacy,olXYZOsXw_o
2317,The Door into Summer,M39FNAlhPnU
2318,Stowaway,A_apvQkWsVY
2319,Snake Girl,xF7g8zL58KQ
2320,Blush,sTz__zyOhds
2321,Mobile Suit Gundam Hathaway,pD7eBqTy__E
2322,Awake,2fuowcxdrYc
2323,Ghost Lab,RN9G-g5PhJE
2324,A Quiet Place Part II,BpdDN9d9Jio
2325,Oxygen,8IqXgZd-P98
2326,Justice Society: World War II,s4xXbGFhEFg
2327,The Clockwork Girl,esQM3UWBgD0
2328,In the Earth,_s9-XsvVAh0
2329,SeoBok,GbU7onyLWJ4
2330,Thunder Force,qnx6-YLXFwg
2331,Voyagers,EwJkexUBSeg
2332,Happily,nagyNvw5Dmk
2333,Cosmic Sin,9HTWDnKs6hA
2334,The Block Island Sound,lRCrUzAcZpA
2335,Evangelion 3.0 + 1.11 Thrice Upon a Time,Vjl9ApttZE8
2336,Chaos Walking,nRf4ZgzHoVw
2337,Boss Level,PGHD0bqjZWQ
2338,Little Fish,knPhaXYG4YA
2339,Bliss,ZHtPm8v-yNw
2340,Space Sweepers,H1WYnJF1Pwo
2341,Crazy Spider,62bIsvRcPv0
2342,Agent Revelation,ZWDRfZJK4DY
2343,Outside the Wire,u8ZsUivELbs
2344,Battle in Space: The Armada Attacks,UDFTh6DeXkM
2345,The Soul,xOsLIiBStEs
2346,Meteor Moon,Z3fvMH6mbIM
2347,The Yin-Yang Master: Dream of Eternity,DdZPRVpJXB8
2348,What Lies Below,WEeBSr_WcKo
2349,The Midnight Sky,DXUUqr3AFKs
2350,Love You My Arrogance,oigcHqPh5iE
2351,A World of Worlds,85nfSzEho68
2352,Cockroach Tide,xsVuo6hI5Ow
2353,The Call,hxkKeniT-0Q
2354,Stand by Me Doraemon 2,A0wg3Zkxq1c
2355,Alien Xmas,2UC7jvL_xp0
2356,Jiu Jitsu,ywhTeWg8970
2357,How I Became a Superhero,CI6MV7ZTCbg
2358,Monsters of Man,bINTjSKwu3Q
2359,Occupation: Rainfall,Rt286R-FyUQ
2360,Alien Invasion,wpMHBRmT0MA
2361,Skylines,MuuqzLwgMhY
2362,Synchronic,XGCrg1OAYfs
2363,Love and Monsters,-19tBHrZwOM
2364,The Calm Beyond,MZZHohrzgwc
2365,Books of Blood,vj3sRzcvCJc
2366,Black Box,nj6JIzrIzxk
2367,Konga TNT,J_WyeAlSouw
2368,Transference: Escape the Dark,iOxV1SzlL3Q
2369,Possessor Uncut,ahn56QWkD0Y
2370,2067,cU5875rHQ8k
2371,David Attenborough: A Life on Our Planet,64R2MYUt394
2372,Apocalypse of Ice,ORxlCxAQpeM
2373,Phineas and Ferb the Movie: Candace Against the Universe,jcqziqIcJ_g
2374,Bill & Ted Face the Music,1gPGeAYo3yU
2375,Variation Hydra,1IUjLapzswg
2376,Deep Blue Sea 3,7pT7Hhpoemc
2377,Monster Hunters,3od-kQMTZ9M
2378,Superman: Man of Tomorrow,weOF9_FGjOk
2379,Project Power,xw1vQgVaYNQ
2380,Archive,m0J0BwIzURI
2381,A Choo,X-uFxATwbII
2382,Palm Springs,CpBLtXduh_k
2383,Jungle Beat: The Movie,zkIGl8LLPyE
2384,Space Force,bdpYpulGCKc
2385,Artemis Fowl,rA0NnDagh28
2386,Proximity,JWAGXeYTZU8
2387,Justice League Dark: Apokolips War,tnCkn5xD2jg
2388,Deadly Outbreak,nq7gvzQR3I4
2389,Nathan's Kingdom,HIOjmzm4pLQ
2390,Becoming,wePNJGL7nDU
2391,Killer Bee Invasion,7Wn3Q9zTWd8
2392,Altered Carbon: Resleeved,HmDxxoFslzs
2393,Sea Fever,YRrlx7GgLb4
2394,Bloodshot,vOUVVDWdXbo
2395,The Invisible Man,WO_FJdiY9dA
2396,Superman: Red Son,n0s0FJfyqGk
2397,Big Octopus,HEhDqQTOJqs
2398,Sonic the Hedgehog,szby7ZHLnkA
2399,My Holo Love,iBnc0x3t-hs
2400,Extinction,-ePDPGXkvlw
2401,Underwater,jCFWEzIVILc
2402,Star Wars: The Rise Of Skywalker,8Qn_spdM5Zg
2403,Rabid,E24TLm2WNQg
2404,Code 8,PrX1JJ5dduA
2405,Fragtime,nyyJKuWQ_vA
2406,His Dark Materials,APduGe1eLVI
2407,Portals,TluRVBhmf8w
2408,Terminator: Dark Fate,oxy8udgWRmo
2409,Black Fox,OeZn_Yyd_g8
2410,Wonder Woman: Bloodlines,6ljM52nZTAs
2411,Gemini Man,AbyJignbSj0
2412,The Death and Return of Superman,EzG1H3k16zA
2413,In the Shadow of the Moon,lJ3_biTbeRM
2414,Birders,YT9hPCuncug
2415,Hello World,nGmyCcbYmB8
2416,Freaks,I84YEXdN61k
2417,The Room,ZO0MXSX7zvg
2418,Color Out of Space,RfYAXMwCpk0
2419,Paradise Hills,qUVrH4BI-Cw
2420,Invader Zim: Enter the Florpus,TDnKp83IOPA
2421,Til Death Do Us Part,xQpYoUEswRI
2422,Shanghai Fortress,sRCEkFrT2lU
2423,Critters Attack!,kuIc4yd7ZpU
2424,I Am Mother,N5BKctcZxrM
2425,Rim of the World,xkvBpKHL99k
2426,Assimilate,f6zuUHJvxDo
2427,Kabaneri of the Iron Fortress: The Battle of Unato,IadWfYiLrwI
2428,Brightburn,g6eB0JT1DI4
2429,Batman vs. Teenage Mutant Ninja Turtles,wpZPPrnEd_k
2430,Justice League Vs The Fatal Five,0-KRCTTVXC8
2431,Abduction,CEVkp5Je7m0
2432,Captive State,i68xCzI406A
2433,Starfish,IgBMD2is8GY
2434,2050,Olv6YdJqJW8
2435,Doraemon: Nobita's Chronicle of the Moon Exploration,1fYvUTlmvDs
2436,Foxtrot Six,K6n3VPO1oGE
2437,Horizon,YYsReoZMj1k
2438,Happy Death Day 2U,IeXqWDFJZiw
2439,Code Geass: Fukkatsu No Lelouch,fEiX_69tu2I
2440,The Wandering Earth,0TDII5IkI3Y
2441,Alita: Battle Angel,w7pYhpJaJW8
2442,Glass,95ghQs5AmNk
2443,Reign of the Supermen,HlC7veaQizk
2444,Black Mirror: Bandersnatch,wgvLiKl8nY4
2445,Dragon Ball Super Movie: Broly,FHgm89hKpXU
2446,Cities of Last Things,qBrYuyZdTfs
2447,Mobile Suit Gundam Narrative,jAPIECKwUZE
2448,Overlord,USPd0vX2sdc
2449,Replicas,JAHKQPBKSZ8
2450,At First Light,00LFL689Cgs
2451,Prospect,XSpw22HPdHU
2452,Death Race 4,D0bRADik0VE
2453,Nekrotronic,NyH4NK2MopM
2454,High Life,AtOwfo1ypOw
2455,I Think We're Alone Now,gPrnb_BYsdA
2456,Next Gen,uf3ALGKgpGU
2457,The Predator,WaG1KZqrLvM
2458,A-X-L,--8nr2kt4uk
2459,Gintama 2: Rules are Made to Be Broken,Xm0ZEJjUlmg
2460,Teen Titans Go! To the Movies,r9WhJyyTtqo
2461,Illang: The Wolf Brigade,OlI7wWCLMNM
2462,The Death of Superman,J5aMJ1qMgA8
2463,How It Ends,WJyyJ7lexnM
2464,Occupation,cBOMIB5udpU
2465,TAU,h9nrBkQ2YBo
2466,Solis,BZjV3BTUnAY
2467,The Witch: Part 1 - The Subversion,eYJuGhT5nYs
2468,Batman Ninja,BSnCoLakv9I
2469,2036 Origin Unknown,CUYeBmFUt1M
2470,Hotel Artemis,JqfuKsoEEms
2471,Upgrade,gEnRNIvEKu8
2472,Lake Placid: Legacy,ZnrQE1sSSQ8
2473,Future World,uljtvXrkdbc
2474,Solo A Star Wars Story,jPEYpryMp2s
2475,Fahrenheit 451,O3irxFd965s
2476,Higher Power,QXIF3hcStc4
2477,Zoe and the Astronaut,W-IGjtXayiM
2478,The Gateway,dhzRU54jQtk
2479,Anon,RJOoYhQcQBI
2480,Tremors: A Cold Day in Hell,Gc4pnlFMrNU
2481,Inuyashiki,pTnibv-NB8c
2482,Deep Blue Sea 2,Zz2JQ8hj_-s
2483,The Titan,ctM8zpe3BHo
2484,Ready Player One,cSp1dM2Vj48
2485,Suicide Squad: Hell to Pay,l0FyWzZtI94
2486,Pacific Rim: Uprising,_EhiLLOhVis
2487,Hostile,i2pPzZ1fMvk
2488,Doraemon the Movie: Nobita's Treasure Island,ZwzHBOeM4KM
2489,Mute,ma8te7ywEio
2490,Annihilation,89OP78l9oF0
2491,Level 16,qgtN95CJaDg
2492,Lego Dc Comics Super Heroes: The Flash,AGKDZNU_HNo
2493,The Cloverfield Paradox,jrxBaaINseI
2494,Scooby-Doo! & Batman: The Brave and the Bold,1lOkHWeyiBI
2495,Batman: Gotham by Gaslight,TJ6EX6zX4FU
2496,Downsizing,UCrBICYM0yM
2497,Bleeding Steel,PycUqhQxR1Y
2498,Star Wars: The Last Jedi,Q0CbN8sfihY
2499,Justice League,3cxixDgHUYw
2500,Batman vs. Two-Face,5VD0kfTeznE
2501,Mazinger Z: Infinity,aU_Zjz8A0sk
2502,Beyond Skyline,wCqP4d0tXb0
2503,24 Hours to Live,PfeQX80tjdQ
2504,Defective,efnLSFrfSbQ
2505,Geostorm,raUghGHrSTg
2506,The Magic School Bus Rides Again,GoiTW2zw80c
2507,Before We Vanish,fjlXE-u-3rc
2508,Rememory,n6ihJIjVGLo
2509,Starship Troopers: Traitor of Mars,8R0yLRoevnA
2510,What Happened to Monday,hOiWSWLt-NA
2511,Gintama,8aK6aZXIuXE
2512,The Humanity Bureau,rmDs9wxLZhI
2513,War for the Planet of the Apes,JDcAlo8i2y8
2514,Revolt,-xy5wU-2uTs
2515,2:22,I6DKNWM6EVo
2516,Okja,AjCebKn4iic
2517,Reset,8yE3cTSn12I
2518,The Bad Batch,OUqfP1S-9ok
2519,Everything Beautiful Is Far Away,C_kQNdSPy7k
2520,Empire Of The Sharks,2AGMmNzyLbY
2521,OtherLife,JwyPpZlxdn4
2522,The Recall,f8Hcn-DLBPE
2523,Stasis,DN2KqhLRsss
2524,Kill Switch,SernjeZIsM8
2525,Resident Evil: Vendetta,Fs5g-l0Bcss
2526,Cold Zone,T1axKZJ3eA0
2527,Alien: Covenant,svnAD0TApb8
2528,Battle of Memories,N7QnN4BvlcM
2529,The Circle,QUlr8Am4zQ0
2530,Neil Stryker and The Tyrant of Time,PhHvknWhHEk
2531,Teleios,QCu7kgX1sNA
2532,Colossal,beuUiUCFIkc
2533,Teen Titans: The Judas Contract,GIeoysdR8AQ
2534,The Discovery,z9j6WcdU-ts
2535,Ghost in the Shell,tRkb1X9ovI4
2536,Sakurada Reset: Part 1,mSCyhGhfevI
2537,Power Rangers,6CKtFztnJ9M
2538,Mission Control: The Unsung Heroes Of Apollo,GVDTSfyFTTY
2539,Into the Outbreak,nq7gvzQR3I4
2540,Lucid Dream,Yhb3efm7IJE
2541,Sword Art Online The Movie: Ordinal Scale,OLpT9BpznlM
2542,A Cure for Wellness,JF1rLFCdewU
2543,Moontrap: Target Earth,6dyaa2A7agk
2544,Barbie Video Game Hero,b5pV3idUVP8
2545,iBoy,FbEWtpSmJXg
2546,The Space Between Us,x73-573aWfs
2547,Death Race 2050,v3f1DUeqnqY
2548,Bad Kids of Crestview Academy,ezZo4rg-GJ4
2549,Monster Trucks,F_KhOj_8t9Y
2550,Assassin's Creed,9hJA1gEJ70w
2551,Realive,yBwq8se9PXE
2552,Officer Downe,WcID_QKpY2o
2553,Alien Hunter,HVLxb5o8ON4
2554,Rupture,kmqEmhkKeaA
2555,Death Note: Light Up The NEW World,XBLJ18gcOjY
2556,Before the Flood,6UGsRcxaSAI
2557,Hulk: Where Monsters Dwell,ji-Ez0svgYs
2558,Gantz: O,r37ARGRJC-k
2559,The Northlander,yUB9Rf1uHS0
2560,Max Steel,Tf4sa0BVJVw
2561,Phantasm: Ravager,0UQUDKjNr2U
2562,Gehenna: Where Death Lives,H2QQjKbPzv8
2563,Westworld,kEkZdgWu7mM
2564,The Girl with All the Gifts,HjGkB_oWTe0
2565,The Void,IkmSNt4moNg
2566,Here Alone,MavY6tMPio8
2567,ARQ,JY0DGLrd9GY
2568,The Perfect Weapon,0AcH5UUc_8w
2569,Morgan,rqmHSR0bFU8
2570,Seoul Station,WZZ9QHJD2_U
2571,Let's Be Evil,Nsbzf3bL4Qg
2572,Sharknado 4: The 4th Awakens,Vc-JlFpXLn8
2573,Ozark Sharks,l1I6rArRQAc
2574,Shin Godzilla,3qX1ZU3jcfU
2575,Batman Unlimited: Mechs Vs. Mutants,ZPtGfy5B8uE
2576,Beta Test,R7cUSsLjdM0
2577,Pokémon the Movie: Volcanion and the Mechanical Marvel,IBbCZgQBzK4
2578,Kingsglaive: Final Fantasy XV,htnkOpknGok
2579,Star Trek Beyond,XRVD32rnzOw
2580,Independence Day: Resurgence,LbduDRH2m2M
2581,The White King,OuVkGVzd-Sg
2582,Into the Forest,_TRSvK-Omwc
2583,Teenage Mutant Ninja Turtles: Out of the Shadows,3CKgLNGfdSM
2584,The Call Up,AV8rIsJzUFA
2585,X-Men: Apocalypse,PfBVIHgQbYk
2586,Cyborg X,jjL3N8EVFqg
2587,Kill Command,TPLEjs7im9c
2588,Terra Formars,wj43Q_b4aSA
2589,Zoombies,BHs8-ccc7gE
2590,Sleight,ORL1d7GWoBc
2591,Spark: A Space Tail,vSAppKS214U
2592,Daylight's End,IYaTJozSwZQ
2593,Prisoner X,DoMbXS4rSb0
2594,Criminal,3bvnoqsvY-M
2595,Justice League vs. Teen Titans,dFjg3oNxaJ4
2596,Assassination Classroom: The Graduation,QqD830EmoFA
2597,10 Cloverfield Lane,saHzng8fxLs
2598,Allegiant,tE8LEPSTK6A
2599,Doraemon Movie 36: Nobita and the Birth of Japan 2016,3Ztdl9QtYEo
2600,Hot Bot,M0dv6p2S03c
2601,Pandemic,48J-hq3wCaA
2602,Viral,4XdRLd13a4M
2603,Midnight Special,1zuQTmVCEn4
2604,The Osiris Child,SJcs5xWeLKk
2605,Lost in the Pacific,BsH0Bh80Yjg
2606,Nobunaga Concerto: The Movie,-JV5ZWnW8FA
2607,Batman: Bad Blood,G-0bQpHlpdQ
2608,The 5th Wave,kmxLybfGNC4
2609,Bunker: Project 12,S0h5a5Y_ugI
2610,Star Wars: The Force Awakens,sGbxmsDFVnE
2611,American Hero,StDQ_P99rPo
2612,Stormageddon,aDNHrPu5oN0
2613,Victor Frankenstein,7pxZxY_Siyc
2614,April and the Extraordinary World,TAFNUhxQKeQ
2615,Sharkansas Women's Prison Massacre,3KP5Iw1cVf8
2616,Freaks of Nature,eNXH63gCOG8
2617,Robo-Dog,YaRux01U_fo
2618,Tremors 5: Bloodlines,mQSRVSOB0FU
2619,The Empire of Corpses,CF0wVpPhTck
2620,The Martian,ej3ioOneTy8
2621,Narcopolis,gQejouuuN4Y
2622,Hardcore Henry,96EChBYVFhU
2623,Everyone Is Psychic! the Movie,VFkJlRx--ng
2624,Attack on Titan 2: End of the World (Live-action Part 2),Ux4sQG1Lvco
2625,The Sand,xkGyLsHUQJw
2626,Ghost In The Shell Arise: Border 5 - Pyrophoric Cult,yP7KAeqK2kM
2627,RZ-9,bKKZ-oR77RI
2628,Air,Euy4Yu6B3nU
2629,Z for Zachariah,bxw4KFxPcoY
2630,Harbinger Down,P_i6x4rKBjs
2631,The Mind's Eye,BYHrUKeps38
2632,Attack On Titan,LV-nazLVmgo
2633,Lavalantula,AY_Cp3rRR3s
2634,Roboshark,BHDDN6Pi6ck
2635,Sharknado 3: Oh Hell No!,mAmYUt1-5Rg
2636,3-Headed Shark Attack,ACedNZ5H1Qc
2637,Sharktopus Vs. Whalewolf,kGTJ4Cv5ktE
2638,Equals,OW-0wmuNBto
2639,Sisters of the Plague,eBIFrqKJiOc
2640,Self/less,3agaVwt0tb8
2641,Containment,fh0mV9CKDIY
2642,Stung,wlfFP-Rg-8s
2643,Terminator Genisys,FqbOFjl7ZWE
2644,Jurassic Prey,VmmAYV5ykhA
2645,Ghost in the Shell: The New Movie,b5g1xubyuVs
2646,Mega Shark vs. Kolossus,wPSGD0vL6Uc
2647,Flight World War II,GgRBVDzITNE
2648,Circle,QUlr8Am4zQ0
2649,Cowboys Vs Dinosaurs,211MM3zxNwI
2650,Tomorrowland,lWZ7O-RrATY
2651,San Andreas Quake,w-fSiFJcw9k
2652,Battle For Skyark,e1l1QnJ7WA8
2653,Area 51,jg1Jt2Ft6xg
2654,Tag,kjC1zmZo30U
2655,Dragon Ball Z: Resurrection 'F',WiONylGn8Xw
2656,The Survivalist,P0XUFVn6MVw
2657,Infini,s4l_lHGMhlw
2658,Batman vs Robin,ICOmWEVuM1U
2659,Dead Rising: Watchtower,c8pcAnOTwPI
2660,Assassination Classroom,kgNkGohA20k
2661,Insurgent,IR-l_TSjlEo
2662,Home,G9F6VhFY4wY
2663,The Diabolical,WW_uPxP_KVA
2664,The Lovers,tEs08eC0GJE
2665,Doraemon: Nobita and the Space Heroes,BMWMoW41_jo
2666,Chappie,lyy7y0QOK-0
2667,Jupiter Ascending,t4ZzMkDLjWI
2668,Toxin,aF08WVSvCok
2669,Project Almanac,8Yih-CxTWsw
2670,Justice League: Throne of Atlantis,donPLB1xaBw
2671,Jurassic City,oMZt0YMw9O0
2672,Psycho-Pass: The Movie,I78cNQDuIr8
2673,Chicago Rot,OTev1_3qdFs
2674,Age Of Ice,1iEZehSK-e4
2675,Dinosaur Island,U18sOypRW8s
2676,Parasyte: Part 1,dcVuEbnq-8Y
2677,Interstellar,zSWdZVtXT7E
2678,The History Of Time Travel,0tAHbODRi1w
2679,Garm Wars: The Last Druid,btT2DdJ2BSQ
2680,Robot Overlords,03Y7sd_LLEU
2681,Extraterrestrial,AtXj7ZmhPAg
2682,Monsters: Dark Continent,8cadxeA__v4
2683,Spring,B1Q6ae-qo6c
2684,Alien Outpost,TRMMxIRp0gI
2685,Honeymoon,bZE9TBKKGD4
2686,Ghost in the Shell Arise: Border 4 - Ghost Stands Alone,-eXIKvRlD30
2687,Tokyo Tribe,m1R7nOBg7T0
2688,Predestination,xxG-YfedrfU
2689,Zodiac,yNncHPl1UXg
2690,The Giver,fH6B4S9ENY4
2691,Starship: Rising,KIOb82gJzSQ
2692,Teenage Mutant Ninja Turtles,VZZ0PnDZdZk
2693,Ninja Apocalypse,JT1lr3TaZ80
2694,These Final Hours,QaoF6byFQFU
2695,Survivor,yvkhoqo6QQ4
2696,I Origins,Mk4briOLrTQ
2697,Dawn of the Planet of the Apes,3sHMCRaS3ao
2698,Ghost in the Shell Arise: Border 3 - Ghost Tears,fayV6cg3epQ
2699,Snakehead Swamp,nMMKS0y06Ig
2700,The Anomaly,FlHu7zT-Zfs
2701,P-51 Dragon Fighter,VrlfjiZO2dc
2702,Earth to Echo,YJgIv_hrjdg
2703,The Posthuman Project,z7rVt0_TmmE
2704,Age of Tomorrow,vw61gCe2oqI
2705,Appleseed Alpha,4DtWCjogd1M
2706,Edge of Tomorrow,vw61gCe2oqI
2707,Time Lapse,_YhP-VfH81E
2708,X-Men: Days of Future Past,pK2zYHWDZKo
2709,Godzilla,vIu85WQTPRc
2710,In Your Eyes,cs_Z2OyqW5A
2711,Avengers Confidential: Black Widow & Punisher,s5mpaToJ6V8
2712,Iceman,CJIXOx2-GZ8
2713,Transcendence,VCTen3-B8GU
2714,Dead Sea,QXO439zDgLA
2715,The Midnight After,Ed9M25mLw5s
2716,Alien Abduction,4zLS4lL3JDQ
2717,Parts Per Billion,VaFfzhxR_nI
2718,The Signal,gwgfeR2pMuE
2719,Under the Skin,J7bAZCOk0Sc
2720,Doraemon: New Nobita's Great Demon - Peko and the Exploration Party of Five,2vU7ZCNFNL0
2721,Almost Human,EIs3xwBAxSU
2722,JLA Adventures: Trapped in Time,WnZ7zWJzRpM
2723,Moving Art,bxABOiay6oA
2724,Her,dJTU48_yghs
2725,Ice Soldiers,H5_lP9aSZmA
2726,Rick and Morty,ySYnTO7leqI
2727,Almost Human,EIs3xwBAxSU
2728,Patema Inverted,aSOuohS1OvE
2729,Ender's Game,2SRizeR4MmU
2730,Big Ass Spider!,BvEL10Ugd4I
2731,Patrick,31fyNpCDVy0
2732,Kara No Kyoukai: Mirai Fukuin,Ydd0W_nN-kg
2733,The Zero Theorem,yKfSAycq_Jo
2734,Coherence,kxAOewNzz-8
2735,Space Pirate Captain Harlock,pSVZ85aNm40
2736,Bounty Killer,dRcFJPgJNfg
2737,Riddick,au2xw42-8IA
2738,Gatchaman,r56XwTGidsU
2739,The Last Days on Mars,9Xk5-SX7DBc
2740,Invasion Roswell,t9EmWFU2Xro
2741,Elysium,oIBtePb-dGY
2742,Justice League the Flashpoint Paradox,Q3tochTgPVc
2743,Zombie Hunter,rZQNzbYG03Y
2744,Battle of the Damned,KMhjFi-c5lE
2745,The Wolverine,u1VCP3O8wG0
2746,Dust of War,4m-GHK3c60M
2747,The World's End,n__1Y-N5tQk
2748,After the Dark,IJ36cRPg9es
2749,Europa Report,XhdRYk1Y8VA
2750,Outpost: Rise of the Spetsnaz,-V0L6AV1Km0
2751,Ghost in the Shell Arise - Border 1: Ghost Pain,yP7KAeqK2kM
2752,Age of Dinosaurs,udQ1e-XUybE
2753,Star Trek Into Darkness,QAEkuVgt6Aw
2754,The Machine,AwDKLEaJxMk
2755,Iron Man: Rise of Technovore,toqQI3_eX8o
2756,The Colony,RjdGmIUbYIQ
2757,Oblivion,XmIIgE7eSak
2758,The Human Race,nHdDYATss5Y
2759,Infected,vpYeiHYPT58
2760,Upstream Color,SilYsr_3vrA
2761,Dragon Ball Z: Battle of Gods,sxufB6DxXk0
2762,G.I. Joe: Retaliation,2vAo4rJPqQ4
2763,The Host,xrLY0wO06l4
2764,Doraemon: Nobita and the Toy Museum,jYtHI2UjBrU
2765,Dark Skies,K8iLp1xQtPQ
2766,Escape from Planet Earth,gkJXlIPPYe0
2767,Survival Code,zVr1wF5gMh4
2768,Death Race 3,FFMUtD_FZZM
2769,Batman: The Dark Knight Returns Part 2,MUyQlvdbANQ
2770,Evangelion: 3.0 You Can (Not) Redo,pwLw2hNNz2M
2771,Cloud Atlas,ByehYal_cCs
2772,Lake Placid: The Final Chapter,zJ63DmLpwNM
2773,Upside Down,6HUx8n91huU
2774,Looper,2iQuhsmtfHw
2775,Antiviral,T5OexqfzXck
2776,The Bay,QmzEEWaLJCU
2777,Dredd,G-eI5oLlIeY
2778,Branded,rQ5p7l1hNuQ
2779,Starship Troopers: Invasion,MBc5Vp3niq8
2780,Batman: The Dark Knight Returns Part 1,J0H7Du2txOE
2781,The Watch,PhN1xnCyqR8
2782,2-Headed Shark Attack,snu5eJLEgP8
2783,Piranhaconda,sdmqt-i-1Cs
2784,Superman vs. The Elite,rX8aBuz099M
2785,Blood-C The Last Dark,pOWUXcv6ick
2786,Prometheus,yA6OKoW30Pk
2787,American Warships,UJwgRY0r67k
2788,Nazis At The Center Of The Earth,FwQk7Sn_cwk
2789,Chimpanzee,wo87F-va410
2790,Lockout,BQ4hZqrIM9w
2791,Battleship ,cp3646Zf8rg
2792,Doomsday Book,MpKVt26g2G8
2793,Detention,hw64lXTbxJk
2794,Extracted,pccntCyI3dc
2795,John Carter,6Rf55GTEZ_E
2796,Justice League: Doom,dBh4HdaEE6A
2797,Chronicle,UD0DshFbmxA
2798,The Dino King (Tarbosaurus 3D),IolxdrX2NxA
2799,Journey 2: The Mysterious Island,IVX7OidrkXQ
2800,The Divide,YlMT5Js8Fa0
2801,The Darkest Hour,Nbns9vRejHg
2802,Remains,-zMbWRrQI0g
2803,Black Mirror,-qIlCo9yqpY
2804,In Time,xhYUaR5QiUs
2805,Enter Nowhere,fbaK7Cu4tls
2806,The Thing,Txjm94GnrPA
2807,History Of The World In Two Hours,L9MAGQVcoYc
2808,Perfect Sense,A18GfVdNP1U
2809,Real Steel,SwfmV3nn6QA
2810,Contagion,4sYSyuuLk5g
2811,Mardock Scramble: The Second Combustion,WMarNnAxl6w
2812,Sector 7,JxYo_rgyHOQ
2813,Rise of the Planet of the Apes,P1yKN0llkrY
2814,Cowboys & Aliens,5HsSonHZFnI
2815,Tekken: Blood Vengeance,H5VwQ73okmg
2816,Another Earth,N8hEwMMDtFY
2817,Apollo 18,2YPEdDCEYuc
2818,Quarantine 2: Terminal,4MiNE062IMY
2819,Green Lantern,XmcIjxwLJcY
2820,Super 8,t-0XuYxh67w
2821,Red Faction: Origins,q7RN9dioQyo
2822,Attack the Block,m0ntk1o4V3k
2823,The Speed of Thought,SSRBuRaPkXo
2824,Gantz: Perfect Answer,bcSThPonFgs
2825,Repeaters,SnzB4RcfyVQ
2826,Green Lantern: Emerald Knights,Trb82wYnGg4
2827,Source Code,fAp0dzFXL6k
2828,Limitless,4TLppsfzQH8
2829,Dylan Dog: Dead of Night,_mqp4QA9Om0
2830,Battle: Los Angeles,Yt7ofokzn04
2831,Doraemon: Nobita And The New Steel Troops: Angel Wings,JMMKI_jGVAg
2832,The Adjustment Bureau,H78XCiJamXc
2833,I Am Number Four,XR2QSlHpKg4
2834,Paul,BJxlNYb8sJQ
2835,Sound of My Voice,U8xElfWyexo
2836,Champagne Problems,eba-EoMPBX8
2837,Back for You,AJ_Zry9KLb8
2838,Why is He Still Single?,mo9rmZG-mZo
2839,Love & Crown,aiUlj5GDN1A
2840,A Merry Little Ex-Mas,zLuOjCbDuwY
2841,Dynamite Kiss,fAnU6CkpF_Y
2842,Moon River,NkuOPOT-cEM
2843,Those Days,ZQkb7fCr2bQ
2844,Nice to Not Meet You,z6o860gTvtw
2845,A Newport Christmas,KaY74AGTTiY
2846,Last Summer,Qe9B8kzlFjM
2847,Life Like,lt8_SJdGIKI
2848,Moonlit Order,bW_GNv_UUCY
2849,Noona Is a Woman to Me,j6leoPGzZT0
2850,Eternal Joy With You,WuzwT0f9Ti0
2851,Oops! Almost Broke Up,JVeukocNgZ8
2852,Sword and Beloved,v2QMSlkl9TU
2853,Yi Yi Xiang Bei Feng,J5qzeyNQc7c
2854,Fragrance of the Pomegranates,RsrUqqnPA3Q
2855,Queen of Darkness,3jeZWXS98QU
2856,My Foxfoe Queen,tdKDjKY2A4c
2857,Kimi Kiss,Qc83HiXxAMs
2858,The Empress Dowager on a Second Spring,Sx5Q8NY-mPw
2859,Light Beyond the Reed,XuQ7DtQcA6E
2860,Our Fault,ONIrtKLPVss
2861,Even If All Love Fades,RslORHAjlsc
2862,Bitter Honeymoon,-I5FXOJQKKg
2863,Shumaku Rondo,hJP2ekBlM6E
2864,Marie and Her Three Daddies,c00Zghlqd6E
2865,Sweet Secrets,dhFWb-C96mA
2866,Soul on Fire,CslVGLETWps
2867,Would You Marry Me?,G9giZTtWhnI
2868,Lying,czIBLZxLlzk
2869,Love in the Clouds,5l55VxFl-Rg
2870,Maintenance Required,6WSAUKWt7ho
2871,Genie Make a Wish,PaZIDBqhVSk
2872,Anemone,HVqoyMi98OI
2873,Long Planned Love,locuQ-skySE
2874,The Tower of Whispers,WbQ_FIRm4iU
2875,French Lover,41jJ_1s8ZyY
2876,Gemini,AbyJignbSj0
2877,All of You,RnYEi3bDCcc
2878,Ruth & Boaz,TXPxYr5Efn4
2879,Twin Fates,ci55sDbrHuM
2880,Love Wins All,bANn_L22zE8
2881,Love Conspiracy,CZQcRCNqzI8
2882,Hilarious Family 2,XN4NIfh04b8
2883,Beyond the Loop,J51pKQoXLoc
2884,Spring Fever,IgyahanUcOk
2885,The Crush,YNOqDEK1ZNY
2886,Echoes of the Self,OcJe2W9GBeI
2887,Same Day with Someone,28ejL7HTUm8
2888,She Said Maybe,GUqTDNseybk
2889,The Mission is to Return the Pearl,ydxGdXWC0pg
2890,Return of the Queen,A00YdJDbP-I
2891,Between Love and Frost,IiXfqRC3kDU
2892,A Hundred Memories,cZMioG6F-CI
2893,The History of Sound,YfEYUoefwb8
2894,You and Everything Else,T8xZkzi0Mr4
2895,The Wrong Paris,SgKpEeduwh0
2896,Wild Ambition Bloom,k1jAHbej_PA
2897,Downton Abbey: The Grand Finale,P_30wFRxlnA
2898,The Maid,48CtX6OgU3s
2899,A Fleeting Dream,-hIIzCtyMJA
2900,Trust is Love,YX_nvw9EWDs
2901,My Youth,cQU2xZjhZYw
2902,Footprints of Change,LRiW2Q4Wqx4
2903,My Sassy Wedding,PB85mHGZDVM
2904,Destiny of the General's Bride,Xqbkm-EW1EU
2905,Shuffle of Hearts,EjUkRh3xeu4
2906,The Queen of Attack,H4NXUqkcmE8
2907,The Thirsty Thirty,5-8GCO5hGaY
2908,Merely Known as Something Else,bd_5HcTujfc
2909,Dangerous Love,BUmmK8V5qJ4
2910,Shadow Love,VLW_2OJbaa4
2911,Hwaja's Scarlet,o69JxGd9SrY
2912,Bon Appétit Your Majesty,VSxf9sKVtxM
2913,Splitsville,MwN0H8ys7UA
2914,The Map That Leads to You,FK9BQm471c0
2915,Princess Revenge,0MheF2hEvrI
2916,My Troublesome Star,xuhOm3kKxeg
2917,A Forbidden Marriage,xbMY-o7wc0s
2918,Cat Custody War,SDFMPUbfrlU
2919,Fall in You,VodxlvVEClU
2920,Her Feast,UmEcelU_59s
2921,When Destiny Brings The Demon,KVi7sGf44Js
2922,Lock Her,kBskrYZfhw8
2923,Our Golden Days,jUfd_wKBW-Q
2924,My Mother's Wedding,tdhh-2iW_n8
2925,Threads of Destiny,8RaN0wDe9wc
2926,Flower Sea,zDlyAwtpL94
2927,Summit of Our Youth,cjC4M8rl7Zk
2928,Legend of the Female General,ToCXsHbo6bM
2929,Blend Feelings,BHj3NmGeAAI
2930,Sinful Marriage,9uHi5qnm1G0
2931,Date My Friend,49MhuI9m04A
2932,My Lovely Journey,8JUSETaLU5Y
2933,Beyond the Bar,Kj8hAS8brK8
2934,Spice Up the 80's,CSFUk3HK52Y
2935,The Formless City,wuf6xThN_7k
2936,My Oxford Year,EKQPCiUSRAo
2937,Spring Rewritten,TJLQq1ZVOtc
2938,Heavenly Hand,Jf7a6ef8u7o
2939,My Magic Prophecy,vowe0tx6BZg
2940,Harmony Secret,RNRfseA4SKQ
2941,Better Halves,Qzk_LBK_9bg
2942,Stealing Heart,Ks9CEf8lv4A
2943,The Blade of Romance,RAzoSbzSHd4
2944,She Is the Phoenix,LLAaW1EgyY8
2945,Secret Lover,8xL0OXKeBns
2946,Millennium Storm,TLYaeZY7ACw
2947,Her,dJTU48_yghs
2948,Deep Affection Eyes,i9U51JmTpL8
2949,My CEO in Disguise,qv7NnG9N7wI
2950,Midsummer Grasping Love,aQ712A08PNI
2951,Only You,wNXCkhxhkWM
2952,The Nice Guy,GQR5zsLHbYw
2953,Love Lurking,fMnNgycoCp0
2954,Their Marriage,CjOnIbXU--M
2955,Love Formula,QU5w-6YIydE
2956,Our Generation,FFfh7AelA-8
2957,Wild Fire,FOjMfPenIHE
2958,The Lychee Road,lUplYnsc6Xk
2959,ABO Desire,fD-HeYuD_kw
2960,Too Much,HcrbR6EXynM
2961,Learning to Love,D7eCHJ9tN60
2962,Echoes of the Lost City,RNnQbnP_QVY
2963,Royal Upstart,RAWfDXidJ3Q
2964,Better Late Than Single,zv9bVA9gcdc
2965,Tomorrow will be a better day,vv9gw6eVtWU
2966,Forbidden to Love,tulyDszWJ-8
2967,Cinderella Closet,46aRycM2h18
2968,Rose and Gun,8H8qoxVlIuE
2969,Kita-kun Is Too Cute to Handle So the 3 of Us Decided to Share Him!,37MIG5u1rzQ
2970,Love is for the Dogs,PcmUonYWdjE
2971,In The Name Of Blossom,Kb_-FGcNthM
2972,Ten Years of Unrequited Love,N6oV5Z_N1bM
2973,Lead Male Character Search,3Ro9ebQxEOY
2974,Marry My Husband: Japan,szIwAwnKPu4
2975,A Dream Within a Dream,uo4Q-gcgZj8
2976,Taste,Qm6OWeMk-AY
2977,The Princess's Gambit,rM2utcgRAng
2978,A Dream Like the True Love,lZvn2jVwt1M
2979,Head Over Heels,BCN3rBLSJQk
2980,My Special One,XEZu5HGh6HQ
2981,Above the Clouds,Itryl5v9Jzk
2982,Everything's Going to Be Great,8GXAtdg-MYU
2983,Memoir of Rati,o1vKWWNFaTI
2984,Captive Heart,41uFQRQguX0
2985,Reborn,uxM6vsMNwXs
2986,Love Blossoms with the Wind,RmvAF1rdiBo
2987,Revenged Love,FkWgjp0XLY8
2988,The Fallen Lady Returns,1eOOAjwET78
2989,Our Movie,7Mew6XQZ9_g
2990,Suspicious Minds,zFnkvJ2b2zk
2991,Bloom Once More,g3AnJ4SWCTA
2992,The First Night with the Duke,aV4Y4Bav_eE
2993,9 Years of You,locuQ-skySE
2994,I'm Nobody,IRkwCNJWCE8
2995,FEUD,nZpANeIWWXI
2996,Paramount,jNRQ0PR4a8U
2997,Double Happiness,L3TuZef5dCw
2998,Reset,8yE3cTSn12I
2999,The Antidote to Love,0PQRWfduc9s
3000,Be Passionately in Love,n4Li1_P4gZg
3001,Threading Mom's Wings,PtePCYVPb-k
3002,The Comic Bang,re15HnGe8aI
3003,The Last Rodeo,ADuANCCW1iw
3004,The Ex-Morning,jajW3bDRf3E
3005,Sneaky Links: Dating After Dark,rcrWwHAKD34
3006,The Dawn to the Night,7mx4pV5c2IE
3007,Close to You,kmUVqb6A6hM
3008,Love Beyond the Curse,9r0RtgeuRpg
3009,I Love 'A Lot of' You,QkpSKQ_Usus
3010,Things Like This,1HZAnkxdYuA
3011,Knock Out,y67ry0Z7__Y
3012,2099,STmULKULyR8
3013,The Prisoner of Beauty,yhzxRquNeCY
3014,Just Wanna Be With You,1kQZ02PzSRo
3015,Tastefully Yours,o6xbeR_eV5M
3016,Second Shot At Love,C9Rsknppotw
3017,Yuezhou Phantom Tales,KjX_d82_E3Q
3018,FOREVER,Dqg3pzQH8Ew
3019,Dear Enemy,HI6muzaB6Gc
3020,Spring of Youth,KFaeezwFf7w
3021,Madam,PIr1xXTM7o8
3022,When the Hawthorn Blooms,prl2MXJQSKo
3023,The Secret Contract of the Witch,q01HFO_N560
3024,The Next Prince,xKAOhZyvcAU
3025,Hidden Love,tiwcMjH1dRw
3026,Pump Up the Healthy Love,_8a7R16BUfo
3027,Destiny,ZSWN-VP0lD8
3028,Love in Pavilion,Ox1zShRnE2I
3029,Love Never Fails,OzHMLV2AW7E
3030,The Bangkok Boy,kL-iD2kf7zI
3031,Serendipity,ePU2Ux9JIMM
3032,On Swift Horses,2MW146Iezoo
3033,He Kills It,XmOvgKSKokY
3034,My Stubborn,A7UsSfcpTsM
3035,Boys in Love,eA-2je47h1M
3036,Heavenly Ever After,a_po0Zpbnc4
3037,The Haunted Palace,PLMO8QxG0RA
3038,June and John,ajgQpBLe6UU
3039,Dominion and Devotion,eHuCT17sI-U
3040,Ransom Canyon,xbRmjVSrSpY
3041,Mission: The Birthday Invitation,LGTSdtVzCM8
3042,Her Trajecting,QbQVo26v4kY
3043,Accidental Firing,0qCEbyNUM74
3044,Resident Playbook,sWtOe9DIK9o
3045,Crushology 101,oU1VeO_ms5g
3046,My Destined Consort,m_YcwtXjm14
3047,Destiny and Saving,2b1xYH3sGZU
3048,Once Upon a Dream,ihgvGPlSkXE
3049,Eat Run Love,slCyW0dhvjY
3050,The Shiunji Family Children,kcLW6u9KrUI
3051,The Future Lover,locuQ-skySE
3052,Summer Pockets,fM5hQGGHLcA
3053,The Seized Destiny,frGEPBRWMoA
3054,KOWLOON GENERIC ROMANCE,9gIp6jBLHws
3055,A Nice Indian Boy,wkbyxebDrjA
3056,Can a Boy-Girl Friendship Survive?,YLswpaA5ON0
3057,The Too-Perfect Saint: Tossed Aside by My Fiancé and Sold to Another Kingdom,5aB0W-aBtaA
3058,Way Back Love,95yjq393xJg
3059,Touch of the Frozen Heart,WqfeU08nT6s
3060,Such a Good Love,iP6rpjzGG-I
3061,Parallel Couple,ciri6Hzptp4
3062,The Divorce Insurance,4cF2O3Ar054
3063,Break Up Service,TmdVYUSth4A
3064,Love Again,CQDXtD2HJAs
3065,The Ballad of Wallis Island,HTi-e20yVNs
3066,To Love or To Defy,locuQ-skySE
3067,The Life List,nldAfgJrBr8
3068,Burning Passion,IPsZFhd2SNg
3069,Until the Sun Meets the Star,jOWM1nQhm7w
3070,Heart of Stone,XuDwndGaCFo
3071,Wanna Be,B4fw52Jueyk
3072,Heo's Diner,9IgadezntxA
3073,My Boyfriend,aB7biDbZVbQ
3074,The Duel of Hearts,O6z6mC9oUQU
3075,Game of True Love,TK4PICYBY_s
3076,Spring Burning,yYo4SlkS6XA
3077,Love Behind the Mask,6pX6Ih7YhQ8
3078,Sweet Tooth Good Dentist,rNcKR4aOSag
3079,Top Form,6PezLYnPajg
3080,Rising from the Ashes,EvjeerpxuT4
3081,The Twin Gambit,i1m8Fo0Qsuc
3082,Race to Romance,dFmA3_gOxS4
3083,The Glory,tqVVrTvrI8U
3084,I'm Your Moon,KsdtiHlHdzc
3085,The Quirky and the Charming,by3sHde7OUQ
3086,Summer of 69,v05tfNInHsU
3087,Sadistic Love,IVo2iByPN_w
3088,My Name is Zhao Chuxi,x26bp-D1NOc
3089,My Golden Blood,WPmIRbTwI_k
3090,Culinary Vendetta,MniiiiPtqJM
3091,The Reluctant Royal,zf5by_j_i04
3092,The Prisoner of Love,_9s3EW-0bU4
3093,When Life Gives You Tangerines,4ECAaQkNAbc
3094,The Awakening of Housewives,OBhRmaL9qx4
3095,Picture This,7wWkGWXIshA
3096,Ruan Xiaofeng's Royal Love Quest,PwRrOXO_aLE
3097,The Potato Lab,abDfjHG78vY
3098,My Beloved Stranger,2cqEiwgcN4M
3099,Fortune Awaits,85BT1VHuUUg
3100,History of Scruffiness,0IfBxmVssFE
3101,The Best Thing,ozzqPJ4QPjY
3102,Bound by Sin,FpKaB5dvQ4g
3103,Filter,GppaRLCKKa0
3104,Misaligned Lover,SqEMoARJFAM
3105,Swap Face,CC2rzW9VFjs
3106,Grab Your Love,pNnCY4YpbNc
3107,Bua & Kwan: The Opposites of Love & Hate,HLgNNxG0i9g
3108,Happy Monday(s),d1DMqyfb3IQ
3109,Hook Bait,FpAhwL91HyA
3110,Delicious,wvYmnIZFtSE
3111,The First Frost,am6kaxykZlE
3112,My Dearest Nemesis,ZxP6GHIolkI
3113,Rainkissed Fate,DXdK_5iMqz8
3114,Always Home,ibPwXbGF9Ks
3115,Exclusive Love,pTXreB1NeXA
3116,Melo Movie,F4leB_jBpDk
3117,City of Romance,RfUI8KgrbGE
3118,La Dolce Villa,zBFSEbZNvhc
3119,Les Belles,5hHqMwqeO0Y
3120,Honeymoon Crasher,i2SnGZSiMeU
3121,GELBOYS,AYscHqTby3U
3122,Love of the Divine Tree,N39_fcFttW8
3123,The Scandal of Chun Hwa,AYKIXaPK-Go
3124,Legal Boy,sNwzFhGwA94
3125,Sidelined: The QB and Me,ljt_qNiLPnM
3126,Flat Girls,Kc4bDKN1CWE
3127,Kinda Pregnant,OAj2VFETzoM
3128,Reverse with Me,bbx54tKBPn8
3129,Six Sisters,BvVJ7qku5Gw
3130,The White Olive Tree,KtEa7YShDQs
3131,Scent of New Dawn,5bNRv_LtLzs
3132,For Eagle Brothers,dcVadMA5h_M
3133,You're Cordially Invited,fWSNV4GiaYs
3134,Flirt Milk,J5g-g9I9JjQ
3135,Reopen My Journals,6-jP35u_hq8
3136,Dear My Secretary,8SMnsVIhxBA
3137,Marked Men,WbwU5K-yfBI
3138,The Queen Who Crowns: Before Sunrise,WcuEf1dlWfU
3139,Everlasting Longing,3Q9LZOEsTg8
3140,Live or Love?,jB1CXRgpqss
3141,Always My General,Bbsl7AOAQoQ
3142,Stolen Love,sDEt_RzbpgU
3143,She Rides the Wind,i9LrWU6Om7g
3144,Cao Xuanxuan's Love Journey,ijuuA6wAQYA
3145,Stealth,dJ8FNgRQFuA
3146,Motel California,Bk5xkUwlBKY
3147,Love in the Edge of Divorce,NZGKtZMklQ4
3148,Honey Lemon Soda,yBA66VhwCP4
3149,Reunion as First Sight,4yk_pQYRUiw
3150,Shifting Gears,jig01vfQ7gw
3151,Flourished Peony,MsxCE9z4qbA
3152,Moonlight Mystique,pPzwAS-WSIg
3153,The Queen Who Crowns,WcuEf1dlWfU
3154,Ossan’s Love Thailand,lsEDajn3xJ4
3155,The Boy Next World,Iw5dFkxvtMU
3156,I'm Getting Married to a Girl I Hate in My Class,VmWZgswV5zo
3157,Love Scout,YXvEUwKDuRo
3158,Sangmin Dinneaw,EkhDqueGZbI
3159,Rainforest Passions,vKr5LSlrwg4
3160,Guardians of the Dafeng,-fPFndzAOPw
3161,Winter Spring Summer or Fall,84-KAOf4OPM
3162,Soul Sisters,_JfFCumJWww
3163,Meet Love in Chong Qing,voE9I2cM95Y
3164,The Cliche,M-LR-MewZWM
3165,Babygirl,-8Sx6U6Ou0Q
3166,Hear Me Love,9Mr8I33iB1Y
3167,Good Luck,Nm4WbapDzDQ
3168,The Way Home,C-DkzeMO584
3169,Chasing the Wind,NB9yUmuDvh4
3170,Namib,kRMhg385zLw
3171,Check in Hanyang,BcYrPEVca7M
3172,Honey Money Phony,KnWGd2UVZSs
3173,Christmas in Alaska,oGseuQ376SU
3174,Who Is She,WPlXILGpOFk
3175,Ms. Nirvana,SKt95BMqhxs
3176,Engaged by Christmas,h9EfRRd1cRc
3177,In The Grip of Love,A4jnZoWBFPY
3178,The Legend of TAOTIE,B7PpRCuag6s
3179,Blossom,Kb_-FGcNthM
3180,The Silent Wife,E1kge5VQPQI
3181,Sorry Not Sorry,-MsvER1dpjM
3182,The Perfect Christmas Date,3FJ-tv0rJtI
3183,Engor Dreams at 18,JoGfkXq_luE
3184,Cinderella Game,i3KnxFOJKxw
3185,A European Christmas,-Eqd8vv6yq8
3186,The Tale of Lady Ok,VVFBKICoeJk
3187,Misplacement,SCYT8vb2siQ
3188,Love Endures Eternally,aLXpHM8tpqQ
3189,Pretty Boy,v2QVXESTKrk
3190,Married,hxO1zuoQtyA
3191,Sweethearts,jIyJ-1-wThY
3192,Our Little Secret,fcc9G9PXTEE
3193,Queer,eknj5_0tF2s
3194,My Contractual Husband,os84FmixifI
3195,Misfortune Miss and Lucky Mr,ScO3SsbcFSU
3196,Thiicha,dXYN_99g_ck
3197,Choose One of Four,avC1Q3ysahk
3198,Love Your Enemy,Imm4WYt0ZXE
3199,Caught by the Tides,ZbsAxSWwgd4
3200,Love in the Crossfire,NFS_XvN8rKo
3201,The Promise of Growing Up Together,V3UU-u7NP_w
3202,Almost Delicious,xUEKUf5qJf0
3203,The Love We Couldn't Keep,wLG8bIvlY8o
3204,The Merry Gentlemen,G80Q8-MJM1A
3205,Desperate Mrs. Seonju,kKASGhblzVE
3206,Your Sky,9U_srqWwNdw
3207,Marry You,9d6xD7frEOk
3208,Club Friday Season 16: New Story Old Love,Swiz1XyfhcI
3209,Beyond Goodbye,Xs-cqLpCuzo
3210,Xiangbei Regret,xkDSOgYUYJo
3211,Hot Frosty,Dmi794YO-0w
3212,When Fate Plays Matchmaker,41tr0uMnV6c
3213,Christmas Love and Fudge,olrig8oukVY
3214,The Dark Crown,2hPK6bufhRE
3215,The Double,XG8qATRtNuU
3216,Smile Code,YFLCLM6KPb4
3217,You Are My Destiny,c010lnzfoUY
3218,Mr. Plankton,mt4wezFpLvA
3219,I Am Not Your Enemy,q4c-D-XerFw
3220,The Heir's Forbidden Love,aNRLCTWpWis
3221,Hear Me: Our Summer,o7pI-cpVXX4
3222,Agarwood Like a Dream ‎,YpRV32jBBPs
3223,Meet Me Next Christmas,QdGiO-zZC_o
3224,Brewing Love,3c9VmrTjiso
3225,The Girl Inside Me,jQCctIulPRg
3226,Jingle All the Way to Love,UVstztozgvg
3227,The Story of Pearl Girl,DuumPhx2z1M
3228,Love Game in Eastern Fantasy,019pGPkaLRQ
3229,Love You 3000 Times,c-io--iFfdQ
3230,Million Dollar Baby,5_RsHRmIRBY
3231,General Order,o3UZOnYxEgc
3232,Blue Canvas of Youthful Days,z0HbZ11L4F4
3233,Lost and Found,IrTRFiQMA0w
3234,Mistaken Love,ZLEzQXvxHxk
3235,Dawn Amidst Hidden Clouds,WhDKtSY6kbg
3236,Sweet Sixteen,-rsDPu9wgjs
3237,Love in the Big City,mqYjCJwmnfI
3238,Ancient Workplace Love Handbook,pnLQ_Uv_JtE
3239,A Beautiful Lie,9wZXaFBngzQ
3240,The Unbreakable Bond,qpwKiIbPeyU
3241,Beating Hearts,0dZZRNQl2wU
3242,Sweet Bobby: My Catfish Nightmare,w_CH-MZC3vw
3243,Anora,GuPkfvxmtdw
3244,Kill Me Love Me,SXnYl2tU6AY
3245,The Legend of Nang Nak,K3BJLGQVfwE
3246,Jeongnyeon: The Star is Born,oOOdt5DwIpI
3247,Girls Let's Defy Fate,IoZ7n7Xhils
3248,Lonely Planet,lTu7j2GOGwQ
3249,The Rise of Ning,h8ARQrd2peA
3250,Snowy Night Timeless Love,lVRVfKsHNAI
3251,Family by Choice,iiK2hNeDayo
3252,Go Back Lover,t-2KQSRoGIc
3253,The Sweetest Taboo,kcPc18SG6uA
3254,Spice Up Our Love,7_lIdB3tcpU
3255,Blue Box,tcK9Eghsfq8
3256,Love in the Desert,tNf58rvRv4Y
3257,Iron Family,ctPt2Q48z0o
3258,What Comes After Love,Rvj5J6eQYFo
3259,Dear Hyeri,08fSqMmo0pU
3260,In Between,MmGNg3nreDA
3261,Love Sick,KEuSvJQz7Nw
3262,Love of Nirvana,iwA7wBSFkjY
3263,A Sprinkle of Christmas,a-nQsAvyPIs
3264,Affair,jYg7FL4yqmo
3265,No Gain No Love,tBo9xY1MPrE
3266,Cinderella at 2AM,T6Eyvr0OAMY
3267,Dawn is Breaking,Mv4KQEY6G04
3268,DNA Lover,9X06tnA9GlU
3269,Love Next Door,C3TpiZndAOo
3270,The Lady and Her Lovers,aup8JBfutwc
3271,Romance in the House,THwFVASHsbw
3272,Love Andante,NDosU77tnyM
3273,Bad Memory Eraser,eVtBjCKIRss
3274,I am the Secret in Your Heart,fdIS_Af59KI
3275,Love's Rebellion,tG7YxfPHFGg
3276,Serendipity's Embrace,5kZK0oDPG1w
3277,Yesterday Wife,mSA8sHXLsV8
3278,Good Partner,-Z91a4s8h_k
3279,Skywalkers: A Love Story,8jA1KpESAqk
3280,This Love Doesn't Have Long Beans,PDwxW6AqD60
3281,Twilight Out Of Focus,litZNQ3JwFw
3282,Spieleabend,0VWqSUVE7r8
3283,As Beautiful as You,_V8V1FzSQoA
3284,A Family Affair,Ytc2eifpiuQ
3285,The Princess Royal,ikFvxPqcc2U
3286,Moon Love,dn0DlNjSwQU
3287,Unbalanced Love,0mUeR50iyds
3288,The Tale of Rose,dI7YdZfcFoA
3289,How Dare You!?,dpt09n7MUAw
3290,Love Lesson 010,l7C7Js4O3gk
3291,My Sweet Mobster,zyZX-Jj6eQg
3292,Love Sea,Vr-FtvxQzfI
3293,A Love So Beautiful,V_1aauD9GUI
3294,Dreaming of a Freaking Fairy Tale,DSm9tdBJjw8
3295,Dare to Love Me,TiHyGJrHXvc
3296,The Midnight Romance in Hagwon,qu9KCsQBeQM
3297,Mother of the Bride,bUSoEQBHtSg
3298,The Brave Yong Su-jeong,gfkhhPsUbOc
3299,Frankly Speaking,TSqRd-tV2Rw
3300,My Stand-In,9lzKraOt4dk
3301,Love You to Debt,_1tBbmjIZOs
3302,Will Love In Spring,atztpQjrhcc
3303,Best Choice Ever,PVwo7oztwdA
3304,How To Make Millions Before Grandma Dies,0lpXPWKpSY4
3305,How to Date Billy Walsh?,dQHx9ems_I4
3306,We Are,LHiFM1mfahk
3307,Someone Like You,wie1GDo7jbg
3308,Love at First Night,3N5NMBzkrO0
3309,Beauty and Mr. Romantic,Fkcw_Kb8YK0
3310,Two Worlds,hDbDrL4kPRs
3311,The Legend Of Shen Li,O6IM2T_ZSlM
3312,Emergency Couple,_O-ioTMRdVg
3313,18x2 Beyond Youthful Days,PSuYA5JQV-Y
3314,Queen Of Tears,Gg2D8zrzlOA
3315,DuangJai  Dhevaprom,jzFUiJbvZqc
3316,23.5,mdOlxH11WnQ
3317,I Miss You,qriWSK376U0
3318,The Impossible Heir,DnGwXa3BrXo
3319,Wedding Impossible,wgJBSTiVENg
3320,White Cat Legend,mVDRAVT4FHM
3321,Beauty Newbie,ihw-EJd-kt4
3322,Nǎi Nai & Wài Pó,JlyYimV6Qqw
3323,Viva La Vida,dvgZkm1xWPE
3324,Branding in Seongsu,K_E4ZzmYV5Y
3325,Amidst A Snowstorm Of Love,rw7QePvBLgY
3326,Doctor Slump,oGyWHLCf4NQ
3327,Twist of Fate,Jn9a9E03BkI
3328,Love Deadline,3nw2yBRCYvY
3329,Eye Love You,KXojw6ko4Qs
3330,My Love in the Countryside,AcH8WGeFAXk
3331,Captivating the King,_1t7mqiqtkk
3332,24-hour Love Guard,MqzU2YeBEtY
3333,Start-Up,BemKyzbLDDc
3334,Our Interpreter,B1MSPexIDiI
3335,Blondie in an Ancient Time,b6pgarrowSg
3336,Love Song For Illusion,3vkGu5R1IKo
3337,Marry My Husband,lfJGSxXf9Xg
3338,I Know I Love You,d5bbqKYu51w
3339,Anyone But You,UtjH6Sk7Gxs
3340,Find Yourself,yEeDjThDriU
3341,Till We Meet Again on the Lily Hill,Nn__zid8AYU
3342,My Life With the Walter Boys,pHIXtOrHF80
3343,Soundtrack #2,EPZu5MA2uqI
3344,Welcome to Samdal-ri,aY8QmExZrlY
3345,Christmas on Windmill Way,eGa3vTlwcgE
3346,For Him,pt81CJcWZy8
3347,Love Me Love My Voice,-CaU0Zoxcak
3348,Love Like a K-Drama,5vS580LLWEA
3349,Tell Me That You Love Me,cdG-VkY9XmA
3350,A Royal Date for Christmas,8L4mvZLeeUE
3351,Paris Christmas Waltz,95g2iiZgmGs
3352,May December,_2wg45bRRF8
3353,The Pot-Au-Feu,mRi52s_ifjI
3354,Faceless Love,iCHvf0G18p4
3355,Only For Love,m2N1HXyuto0
3356,The Fearless,Tm5jBa4LzxQ
3357,Daily Dose of Sunshine,a81i3lenqp4
3358,Tricky in Love,4ywKmn0aay0
3359,How to Have Sex,a3XV6Oi1YZI
3360,Moon in the Day,Iv9PQzwpvJ8
3361,Rising with the Wind,yImEnWoR2q0
3362,Bringing Christmas Home,5JtqZ6DJ5ik
3363,Perfect Marriage Revenge,D3ojNqT-kgQ
3364,My Dear Gangster Oppa,cdzH_VmFT3E
3365,Not Friends,2ZZtD18W2Mw
3366,The Dream Songs,g4PXKB6WOlo
3367,The Third Marriage,tdhh-2iW_n8
3368,Blooming Days,B_7cFSY5osU
3369,'Twas the Text Before Christmas,Q_w5YYMyaNw
3370,The Persian Version,PDrlpcv4vXE
3371,The Other Zoey,iBbF1W3avMY
3372,Love Destiny 2,Hz8TZuA68-U
3373,Romeo And His Butterfly Lover,J6fy9WhgRzY
3374,Romance on the Farm,_GFLq4ckZO4
3375,V.I.P,fZOwwAzI9jM
3376,From Hong Kong To Beijing,C3ApqymVbmk
3377,Swing Into Romance,_j0TZqwFZwI
3378,Kế Hoạch Người Yêu Cũ 4: Sớm Yêu Trễ Cưới,HovhZ9Tx64A
3379,Absolute Zero,rD_YrFnxR1A
3380,Unpredictable Family,nOP86v8iOWQ
3381,Camp Hideout,q6zrGu9f48U
3382,After Everything,NsmopvKNSE4
3383,Miss Lucky Go!,aUcMDRDfOM4
3384,South Wind Knows,ggxb7TeIl-Q
3385,Let Me Take Your Pulse,_8RXpeA7bkQ
3386,A Time Called You,c_sKheuGE7o
3387,My Annoying Roommate,sI5Vg-17t4s
3388,Venus in the Sky,yy0mfUEjjOg
3389,Naughty Babe,AZOd8vxG95k
3390,My Journey To You,mvXuYLIZJVA
3391,Choose Love,Tn6T_ZzBh0Y
3392,The Dive,ZR8IJy1VR9g
3393,Destined with You,BXTDH1Ropfo
3394,My Universe,1wmvAv7uVXY
3395,The Legend of Zhuohua,0DPP-BwMlj8
3396,You Are Desire,sUbmXVZtv38
3397,Sweet Games,3vpmfJianIY
3398,Love in Taipei,-tHWpxp1X6Y
3399,The Infinite Love,7WUvmnuksGs
3400,Escape to Homestay,aY6FbUFnYCw
3401,The Princess and the Werewolf,86HVan-nhwY
3402,Wedding Plan,FTI29qlruLg
3403,Low Frequency,vXv_GPt7k18
3404,My Happy Marriage,dURh9kVzcw8
3405,Be Mine SuperStar,XHtUr1j0kb8
3406,Live Stream,5QU20HMPZ3M
3407,Dinosaur Love,-coCKKPW4JY
3408,The Perfect Find,n4tjqqGgky8
3409,Destined,jrBvW2kZzZY
3410,King the Land,AGF16szMOmo
3411,See You in My 19th Life,orAIH67EU-I
3412,When I Fly Towards You,gtXj5fhacUw
3413,Past Lives,kA244xewjcI
3414,A Date With the Future,o4gorkpFgbs
3415,Circle Of Love,7aXPBwDr9mA
3416,Intrigue and Love,lzkxUorc4BY
3417,XO Kitty,vPMcEabBQEU
3418,Back From The Brink,EXt6y9cnbVQ
3419,House of Stars,MLxgaz2Zp1k
3420,The Good Bad Mother,CzVi_hIZ3mc
3421,Delicious Romance,J9_3Kr1SLvM
3422,Punch-Drunk Love,KGqn5k227HY
3423,Doctor Cha,qDjF9Bkib28
3424,My Love Story with Yamada-kun at Lv999,1Ajmgri6EP4
3425,A Thousand And One,wBM0_6JJw1s
3426,From Me to You: Kimi ni Todoke,_gJR6gfRYEQ
3427,Nothing But You,kHMEBlZibTQ
3428,Divorce Attorney Shin,AqC-Sz64zr8
3429,Tin Tem Jai,P2LQI0412QA
3430,Bed Friend,NfZs9yjsv_Q
3431,Love Heals,5fMtBH23rdk
3432,Love My Scent,epvCIguuNdM
3433,The Seven Dog's PDU,2THauAbuMZE
3434,Love Me Like I Do,uWoYIOcOpwU
3435,Dear Edward,9afVcqqSXVo
3436,Crash Course in Romance,M0roNIisQ5w
3437,Catch Up My Prince,bdmU6uyyj8M
3438,The Ice Guy And His Cool Female Colleague,g9zwEj1klq8
3439,Meet Yourself,Q8X1kSIYoD8
3440,Alice Darling,2D2ZRfqKUD4
3441,Stuck with You,XUpyQmwpxOk
3442,Unchained Love,rFI5qPTTgtE
3443,The Interest of Love,WVnDuEx-Je0
3444,A Brush with Christmas,7E6JxysOTxE
3445,Red Balloon,-stC4DqLCVI
3446,Something from Tiffany's,G5u8oySXNTk
3447,Phases of the Moon,BQvo7vyCmuE
3448,Desirable Flowers,nJ61J28B2Ao
3449,First Love,RYmQHMC8NII
3450,Christmas with You,BYti8tb3rmI
3451,Ditto,30LfbsWHCW4
3452,She And Her Perfect Husband,aPL2dNBIgp8
3453,New Life Begins,8Yrih1R9RIg
3454,Between Us,AgmGFFWBSSY
3455,Lighter and Princess,mHHdPGO-9io
3456,Highway Family,hTm0oJ-3GaU
3457,Almost Lover,Pchd4cbFWVI
3458,My Policeman,xAEgWXOH1mY
3459,May I Help You,z-jFSm2be34
3460,Light Chaser Rescue,8bAa4e7s-NA
3461,Remember Me,oRUo4cWejYM
3462,20th Century Girl,KFS4_qevE7M
3463,Smile to Life,Zqi8D5KK3Eg
3464,Gaus Electronics,9ljqlIfr1ak
3465,Falling Into You,kIkmHRLyzzk
3466,Life Is Beautiful,8CTjcVr9Iao
3467,Ai Long Nhai ,JHoAf8DdUW0
3468,One Dollar Lawyer,1HN9OJGo_o0
3469,Love in Contract,zKysOvIz1E0
3470,The Law Cafe,YkxsDGwI_l0
3471,Side Story of Fox Volant,jVz2sa5X-jA
3472,Partner Track,1Qcm1UMjjoU
3473,Fallen Rainbow,_Ity622MaKY
3474,After Ever Happy,hLQ-5exgctI
3475,Spin Me Round,ZrfmRnCs5SQ
3476,Look Both Ways,8LOx5sD1okU
3477,My Only 12%,vQKRY1p0dRM
3478,Lycoris Radiata,pTMY_MEwyOQ
3479,Big Sky River,-51_AgN7IAM
3480,Love Between Fairy and Devil,HrUeOw7zL40
3481,Almost Love,2KN-CzYyCyo
3482,Flash Marriage,ujmfbAy6X-w
3483,Purple Hearts,WTLgg8oRSBE
3484,Love Destiny: The Movie,ShD0CvB9kWM
3485,Immortal Samsara,S97MadtNFJI
3486,Coffee Melody,Kt4q3EMiJsk
3487,Dangerous Liaisons,dO3U2dBwuWA
3488,The Story of Xing Fu,_EVtcEeSUHY
3489,Extraordinary Attorney Woo,MxeXECe2t-c
3490,Miracle,Bd0_Dm2xlEM
3491,Lighting Up the Stars,Pgh3Ac8Hp1I
3492,Unforgotten Night,244WCZxSn24
3493,No Regrets in Life,6OBllnkoDPQ
3494,Cha Cha Real Smooth,QRyyagJ9GPo
3495,The Summer I Turned Pretty,nB9eG5TzdU0
3496,Check Out,Swiz1XyfhcI
3497,Fall in Love,SZiPMRlNDIc
3498,A Dream of Splendor,pqC96aJWNM8
3499,My Bossy Wife,6dCtOZpRvQY
3500,Welcome to Wedding Hell,2wiNWP7Ye0w
3501,A Perfect Pairing,WR21TH-6LfY
3502,The Giver,fH6B4S9ENY4
3503,The Wandering Moon,w65qjYsX488
3504,The Sound of Magic,8N5KSMy62ps
3505,Along for the Ride,A1PTIxYrTVw
3506,Love in Flames of War,OYi9gniuzVM
3507,Crush,NHxwLymYHWA
3508,The Italian Recipe,nkr6Ee178BI
3509,Heartstopper,locuQ-skySE
3510,The Secret House,xN5J-Ld3G1s
3511,Our Blues,vSBIJQOLKoY
3512,My Liberation Notes,FQEm4dPZsNo
3513,Always Amore,OjyNE8Lle5Q
3514,Aharen-san wa Hakarenai,b3YoZLdP3gQ
3515,Soundtrack #1,jcQhT_HZx8s
3516,X,Awg3cWuHfoc
3517,Kill Heel,4AkR92Sxqo4
3518,Crazy Love,TMFSZcINZ_k
3519,A Business Proposal,mh4R-WXRhQo
3520,Ms. Cupid in Love,wvA8NPvrAvQ
3521,The Blue Skies at Your Feet,PgDtsplc1_c
3522,Heart Shot,f2V25Y96nYY
3523,Thirty-Nine,ykQKCDPcqhA
3524,New Kung Fu Cult Master 2,9FRcLEfQaHk
3525,Forecasting Love And Weather,B--OvWV3HFw
3526,Twenty Five Twenty One,gYp4cKumTwU
3527,Rivalry,ADi1iextoUM
3528,Rookie Cops,Ot0IbMben-k
3529,City of Streamer,XgFxdjd69KI
3530,Sassy Beauty,Mu4AyNyLCHU
3531,Modern Dynasty,a3FClpYLl5o
3532,Flower of Lust,L8UB4aypVHE
3533,The Myths Of The Andaman,Vc26S86eQOs
3534,A Year-End Medley,FvYep5nC2iM
3535,Lucky With You,GE3rp13LTdA
3536,Snowdrop,HeIQjrZSbQA
3537,Cyrano,5e8apSFDXsQ
3538,Christmas by Chance,S7hgMbZrNy8
3539,The Enchanted Christmas Cake,T5TNvyRUTAw
3540,Love Twist,rCT7WRFNMqY
3541,Our Beloved Summer,wpW6aVWgvMc
3542,Single All the Way,kCQxxqdowOg
3543,Party A Who Lives Beside Me,jKwqtef7xbc
3544,A Castle for Christmas,T_JbFba2i6s
3545,Angel Falls Christmas,EnLs8jzp-VY
3546,To Fly With You,LNR_CI4PF-k
3547,Parasite in Love,9-k02tjn5ic
3548,Melancholia,6IZGwvxhXvw
3549,Happening,xMl_wHoN5X0
3550,Spencer,WllZh9aekDg
3551,More than Blue: The Series,KYIfYbraxGk
3552,Work Later Drink Now,HZWTfMiUEeE
3553,Love After Love,dDSyhfI8C-w
3554,Zhu Bajie: The Spring Years,Y_h0-FUDqM0
3555,The Curse of Turandot,Be0el7Ra73A
3556,Reflection of You,R3hpJM3I724
3557,My Sassy Girl,4lnyW3vIGvI
3558,The Kings Affection,P4zM7jHdVFc
3559,And Tomorrow the Entire World,085WOb9yBCY
3560,The All-Round Wife,w4hAyUMaWP0
3561,Bright As the Moon,Np79R2AMfDo
3562,Irresistible,0vhaAoSm1NY
3563,Diana: The Musical,yEYVA0YqYV0
3564,Beyond Prescriptions,fwz4SDKowJw
3565,Sweet Sweet,y2mqS-iat-4
3566,Spoiled Brats,Pi9fYbM8A0w
3567,After We Fell,NYdNN6C9hfI
3568,Hometown Cha Cha Cha,z66fazyp3-M
3569,One and Only,QsZhIWCb130
3570,Be Yourself,E9SZ74TrrkM
3571,Check Out The Event,RYB9eyn3Dtg
3572,Secrets in The Lattice,sA7SYWn2CqY
3573,The Second Husband,M-8_yYPauWk
3574,Stop! Miss Hua,A6Cord8Gcr0
3575,The Last Letter from Your Lover,Y-I3DuUOsNw
3576,Broker,e4Xm68vycP4
3577,The Yearbook,ccgk-Uf6fcA
3578,My Boss Calls Me My Love,iw2NxzHZwkk
3579,The Flaming Heart,dqPBeBZwb6c
3580,Annette,l_EaNpL16SU
3581,Why Women Cheat,rEgMsEjjNgA
3582,EXchange,-9W1W3qXnUk
3583,Flying Up Without Disturb,n2Hm2l07jaQ
3584,Her Phoenix Majesty,LaXxtWX11Gw
3585,Hedda,m3lgD59KrTw
3586,Keeping Up with Beauty,repW9zY5c4o
3587,The Time That Remains,-YlAFFzy-Aw
3588,Typhoon Family,760rcdkYPX0
3589,Yummy Yummy Yummy,ba-XPPTEsjw
3590,Kiss of the Spider Woman,XoSNPc03sh4
3591,So You Make It,Swiz1XyfhcI
3592,Pass the Monster Meat Milady!,Og0uX0OvzZk
3593,The Ascent of Ling Yun,nZkozGoDLds
3594,Plainclothes,gsjULVBjlMk
3595,Twinless,pxseQQkGvb8
3596,Love Untangled,0HwDE0HXbqc
3597,The Demon,UVu5mK1bBjs
3598,Fall for Me,XFoWbsKaNB8
3599,The Baltimorons,F6t-h68UuhI
3600,Outlander: Blood of My Blood,9hvjJEXoIhs
3601,Love Take Two,0DYITV8mzDU
3602,My (Im)Perfect Family,P5JxL3-Om3k
3603,DogBro,8cN2I9uPadQ
3604,My Girlfriend is the Man!,W0GyElom3a4
3605,Z-O-M-B-I-E-S 4: Dawn of the Vampires,gi6L4pg9j84
3606,Baban Baban Ban Vampire,7-NEc6ozWAE
3607,Outrageous,yap7ziBJuxA
3608,Endless Journey of Love,E2WzIRvE6ng
3609,Destiny of Love,YGJ49vIrbq0
3610,A Prime Minister's Disguise,5aAYMjdwN34
3611,Our Unwritten Seoul,bzngpAm1P1c
3612,Youthful Glory,Q2MeVpfIQwE
3613,Oishikute Naku Toki,qER-uSRCW_E
3614,Blazing Elegance,W-lad_YCLtE
3615,Gong Suo Jin Zhi,kj4HAslH380
3616,Dragon Seduction ,bneOUsBJkk8
3617,Green Snake: The Origin,TwR1AWOFL7E
3618,The Rose of Versailles,MXmGxRfC014
3619,Shafted,lvTBBtqwp8o
3620,May Your Heart Be Like Mine,7fSfFpbPiDg
3621,Asura,-FgZ7-f-iZ4
3622,Limerence,WQFypffwRj0
3623,The Night is Still Young,IvN5h9BE444
3624,Calling from the Galaxy,d96cjJhvlMA
3625,Layla,ksw_phJpUAA
3626,Born for the Spotlight,MJcHSXejsIo
3627,Fangs of Fortune,V1RDhHJWHgI
3628,Heavy Snow,wZoPlBbVqnY
3629,Emmanuelle,IgLKItPwWrI
3630,Reverse 4 You,ThWo_Kf41DQ
3631,Between the Temples,DeqBcFAOOoU
3632,White Snake 3: Afloat,V67j4qsoWT4
3633,Dashing Youth,VLPDeEbV-Os
3634,Find Me Falling,56DuFZX9cuE
3635,Suffocating Love,YYGEkXCwzJs
3636,Century of Love,y8g4KaPpcUw
3637,Space Cadet,6wL3evhiN5k
3638,Drawing Closer,WMpngmDc7Sg
3639,Tokyo Cowboy,r_l11juia6E
3640,Teasing Master Takagi-san,WCEnkmQyh9k
3641,Maxton Hall: The World Between Us,nAdH1yyUAbc
3642,The Idea of You,V8i6PB0gGOA
3643,Turtles All The Way Down,9XBFNmV0Bzc
3644,Love Without Permission,plNPn4DcVFQ
3645,Challengers,AXEK7y1BuNQ
3646,The Greatest Hits,riDLqQ0Q15c
3647,Junk Flying car,PhLUmA1ZgCc
3648,The Lord of The Monsters,wVDtmouV9kM
3649,Irish Wish,_gKXowSyfjM
3650,The Midnight Studio,Eq7pnZ_RmKI
3651,Love Lies Bleeding,BF_J3-DmiS0
3652,Everyone Loves Me,8HK2eyUTgVY
3653,My Name Is Loh Kiwan,oxsR6jEoeBU
3654,To Be Continued,VffnXekxDsw
3655,Ready Set Love,JK7podgwMDQ
3656,Five Blind Dates,GhGz_yxXtSc
3657,Marmalade,wmZJrllBHwg
3658,Lisa Frankenstein,POOeA3zCuUY
3659,Legend of Mermaid: Human Love,3qJ4z6F6UE4
3660,Tale of Phantom: A Love Story,qEovoQnfc14
3661,All of Us Strangers,O97iSjvqBlY
3662,Round and Round,PY1-nQQmxA0
3663,Silver and the Book of Dreams,6CkQA01bLnA
3664,Single in Seoul,3itdOpHgdHo
3665,The Story of Park's Marriage Contract,y1gfhH9jzuE
3666,Napoleon,OAZWXUkrjPc
3667,Maestro,gJP2QblqLA0
3668,All-Time High,b-4EsCyN4wA
3669,At the Moment,SUWOfaAkFSg
3670,Under the Boardwalk,vQmTVrNuxAI
3671,Sometimes I Think About Dying,idtCErzXixE
3672,Doi Boy,sJdJfTsJ7U0
3673,She Came to Me,EdfEv2ZwrFs
3674,Fair Play,vICUPlr3EEI
3675,Love Is in the Air,O2JI6EldneY
3676,maboroshi,Z2BDnTE6bDE
3677,Love at First Sight,j0kro6SuwxM
3678,Last Summer,Qe9B8kzlFjM
3679,My Big Fat Greek Wedding 3,AAflXqZ5xs0
3680,Honeysweet,mNzPrb1N8SU
3681,Love You Seven Times,j9ESQeCTEOM
3682,Shortcomings,6fLypuUnAfw
3683,Painted Heart: Twin Tribulations,6IYznYFYhj8
3684,Red White & Royal Blue ,pt56IC8gDZ4
3685,Happiness for Beginners,45Iuy6YmMBs
3686,See You on Venus,8l3vQ7cyqeY
3687,Turn to me Mukai-kun,urPT_Kzxayg
3688,See Hear Love,4p2fpuXWrRg
3689,Katie's Mom,w-iD5g7ChNQ
3690,Pretty Guardian Sailor Moon Cosmos the Movie Part 2,DWuqUsupRCk
3691,Long Live Love,-tQ9_GkHV8Q
3692,Ten Years,-k5y4bLU5X4
3693,Asteroid City,9FXCSXuGTF4
3694,You Hurt My Feelings,20GWk5cWPBs
3695,Jeanne du Barry,7vz6PE6fM-g
3696,Book Club: The Next Chapter,i9k213d5FU0
3697,Sun Moon,OFvbLCsKZTA
3698,Love Again,CQDXtD2HJAs
3699,A Tourist's Guide to Love,0fbsBQ5Le_I
3700,Inhuman Kiss The Last Breath,h-E5NI3QMXI
3701,Soulmate ,nxTFq_KCVmQ
3702,Faraway,2stkk0yy0ao
3703,Daisy Jones & the Six,kSrcNCGMrLc
3704,Sasaki and Miyano: Graduation,LwaSCJjTxyw
3705,The Journey of Chongzi,aYcD3Px6VKs
3706,Somebody I Used to Know,f497dkv3vfU
3707,Your Place or Mine,5JyfgkPMXk0
3708,Magic Mike's Last Dance,pBIGdw-BRxw
3709,You & Me & Me,s7H5JV9wfdQ
3710,Maybe I Do,Z11QkNvMZpc
3711,Tid Noi: More Than True Love,zcWZ8Y6Om4s
3712,You People,pCMHc-IFAB0
3713,Follow My Dear General,uryYwu-DAmw
3714,The Blood of Youth,IjZ5K0b8BFo
3715,Song of the Moon,eEypod9wSAM
3716,I Believe in Santa,vHA6tvy4_vg
3717,The Warp Effect,vz_g06icbyk
3718,Must Love Christmas,NAhxyGnuKak
3719,Spoiler Alert,G9qIwkAi_Zk
3720,Burning Peony,IE1KkF9VkCw
3721,Holiday Harmony,egT_etFpAls
3722,The Noel Diary,asH6ny4ILzM
3723,Lady Chatterley's Lover,ZOkXE3B0pDA
3724,Summer Strike,WdiTE76u94w
3725,Bones and All,pjMt1MIk2EA
3726,Falling for Christmas,bsNIJd45jYM
3727,Catering Christmas,rdwrJc6A3b8
3728,When the Rain Falls,dFlWJ4ikoxs
3729,Stars at Noon,Yg3EQ1_zRow
3730,Rosaline,DVMc3rUXW-A
3731,Nothing is Impossible,w-6YtemilSE
3732,Bros,BQIeBB9XMe8
3733,Entergalactic,2C2lyCIusKo
3734,Sachertorte,hobywYG76wY
3735,Do Revenge,rK-JQU_bShc
3736,No Limit,Za4LWknUG7o
3737,Ticket to Paradise,hkP4tVTdsz8
3738,Once Upon a Small Town,K3lm7mMPH2Y
3739,Love in the Villa,_kRab62q54M
3740,Semantic Error: The Movie,3rsdQUnQUKE
3741,GOOD JOB,1MfA1DtKjGA
3742,Wedding Season,xqqTL91J1lo
3743,A Love Song,UqUcDru8plY
3744,Even If This Love Disappears from the World Tonight,Gf61QBEnNGI
3745,Sharp Stick,fyXBwo-R0HQ
3746,Anything's Possible,20WlagB4vFU
3747,Sing Again,DovbhJavvfU
3748,Persuasion,Fz7HmgPJQak
3749,The Wedding Veil Legacy,fYIGy0W1w50
3750,Dear M,hZItZCMOQAw
3751,Love & Gelato,XIkQFUlBXF0
3752,My Blue Summer,Spk7JmNIPic
3753,Good Mourning,k2C4UHb01jc
3754,The Time Travelers Wife,3_8WZxHScMk
3755,Fast Feel Love,pg_Ij-3YySM
3756,Green Snake: The Fate of Reunion,sLHmSx45fH8
3757,Love Like the Falling Petals,l4nYFakFMDo
3758,The Love Proposal,xapCq6U68Uw
3759,Revenge from the Past,NHk7scrb_9I
3760,The Last 10 Years,6e5-dPxJYsc
3761,Blue Thermal,qiODGwa-MVw
3762,Fruits Basket: Prelude,DaknWGK7M_E
3763,01% World,JylUnNtclws
3764,The Sky Is Everywhere,7R_5fSWvGs4
3765,Tall Girl 2,2-1qlHIhWXE
3766,Love and Leashes,p1XLFGKL7gI
3767,Marry Me,Ebv9_rNb5Ig
3768,Reincarnation Land,PjOHxN5wAR0
3769,Redeeming Love,_8RIlIOd_us
3770,The Royal Treatment,KWxJXZ3S3-g
3771,The Man's Voice,n8Aou-03fsU
3772,A Journal for Jordan,FOzrXqf5pvE
3773,A Naija Christmas,0pzE10-3nzI
3774,A California Christmas: City Lights,G6-vUOyr8GQ
3775,The Hating Game,j3qBGOD4b4A
3776,West Side Story,A5GJLwWiYSg
3777,Boxing Day,OZTJcQA9kFE
3778,Christmas on the Farm,r_oEqfyLpMQ
3779,Licorice Pizza,ofnXPwUPENo
3780,Nothing Serious ,eIn3-kMKbkk
3781,The First Myth: Daji,vb2Yv0oKalE
3782,Nantucket Noel,r864IQEDmu8
3783,The Princess Switch 3: Romancing the Star,CfXzd8fgy6Q
3784,Mothering Sunday,ZEyCyI__09Q
3785,Love At Night,WLq12byHjCQ
3786,Love Hard,3boMRfx6cjE
3787,We Couldn't Become Adults,QudoMSz0e6s
3788,Firebird,D7XT9OWifHs
3789,Seduction & Snacks,KHooZnWo7qo
3790,Lost Illusions,jMcoPoCz6N0
3791,Eiffel,STXwmr01J0o
3792,Chess Love,0c6-JCfRqs8
3793,Friendzone,LHzwwYcrKks
3794,Dear Diary,C_l75RaVadc
3795,Cinderella,LfR8Su4ulX0
3796,CODA,0pmfrE1YL4I
3797,The Kissing Booth 3,5fKn0Dhj64w
3798,Resort to Love,6fcnG6-L4Cc
3799,Words Bubble Up Like Soda Pop,EMPnetBr9OM
3800,Deception,yYeHKfwoOb0
3801,Benedetta,DW5wOtLSfPs
3802,46 Days,aW-KBBY7we4
3803,I Need Romance,q1FAxgfcPUc
3804,Nevertheless,0x8cJUD6MMo
3805,The Secret of Love,ghv3-lpFOcc
3806,Monthly Magazine Home,SespTnuvxPY
3807,The Legend of the Condor Heroes: The Cadaverous Claws,uyIPBAmY1hY
3808,Trippin’ with the Kandasamys,0bCtBvyv1eA
3809,Rurouni Kenshin: The Beginning,s0vN_2MRR50
3810,Sweet and Sour,hZORUEZd_pg
3811,My Roommate Is a Gumiho,EQTGpY8m9uM
3812,Please Feel At Ease Mr. Ling,KbjNfPEbqQk
3813,Finding You,jdv_PMffxyE
3814,Ugly Beauty,Qdv95ys44ig
3815,Colors of Love,Dzi2r0mZ68g
3816,My Love,E69HwLlMsI4
3817,100M Criminal Conviction,shyQcz65X70
3818,Waiting for Rain,PR3tjHmsUis
3819,Let's Eat,fNgCEDp9InM
3820,We Broke Up,CjDCsNrdw9w
3821,This Little Love of Mine,VyopYXVJNmQ
3822,Ni Chang,clPealbL_J0
3823,Detective Conan Movie 24: The Scarlet Bullet,HSow7Ep6l_4
3824,August Never Ends,5ZNn7zVo6GM
3825,Court Lady,YAkekti_ktE
3826,Ride or Die,QFGAxkTRAG8
3827,My Dear Exes,62WcqUVFxS8
3828,Wheel of Fortune and Fantasy,8pr7rZV1f3w
